id	clean_title	image_url	domain	score	num_comments	upvote_ratio	2_way_label	3_way_label	6_way_label	image_file
2cdqb2	a terrifying and chocolatey cookie monster	https://external-preview.redd.it/X7DmH0mogUIdNlnmWdyR9kj2vWrHXlTbEePazTXM4Hs.jpg?width=320&crop=smart&auto=webp&s=a5e028f60821508e19b7b38330c55f9452b3486a	i.imgur.com	8	0.0	0.66	0	2	2	2cdqb2.jpg
axhmr4	the synagogue cared for by muslims bbc reel	https://external-preview.redd.it/zfsZb2rkBp7yDWJLFmyXXKC3og6979YNwsCsHGVNeZg.jpg?width=320&crop=smart&auto=webp&s=af58a599620c6f028eb577166570e4eba88196fc	bbc.com	11	0.0	0.87	1	0	0	axhmr4.jpg
b25ywe	the flight of this plane	https://external-preview.redd.it/Uxv3iPx_ks420DO4EAjVHFO4s1DuXqbgFlQJQ7_Z42g.jpg?width=320&crop=smart&auto=webp&s=1fb6fd1f1d82d045dd40e0e09f4e5a41b860ac08	i.imgur.com	11	1.0	0.92	1	0	0	b25ywe.jpg
2umqj8	mr butterface and his little brother	https://external-preview.redd.it/CRkMU3Tz54y_lbMo0jB-Ezb8-DEgvs1TYXGMv-n2brk.jpg?width=320&crop=smart&auto=webp&s=ffabb5fd1b2cec318fe4e660ce7b945dfaf7f2c4	i.imgur.com	2	0.0	0.63	0	2	2	2umqj8.jpg
1kog6d	this pylon looks like a sleeping owl	https://external-preview.redd.it/Bpu1iKCH7zeSvVC7tL5trjGR6XPspuKs4Eii-lxYUBg.jpg?width=320&crop=smart&auto=webp&s=0b5bc6bd96d22042dfa643c7dfe6aae201cb25de	imgur.com	6	0.0	0.76	0	2	2	1kog6d.jpg
8f9ixy	historic meeting which lead to peace in the korean peninsula	https://external-preview.redd.it/fLJcFxSFo8aCrXv2JcBGwgxpQVfC---dF478Dmrs1cA.jpg?width=320&crop=smart&auto=webp&s=1035406df2ae96d5e5df6927130f6eece52001b8	chinasmack.com	10	0.0	0.92	0	2	2	8f9ixy.jpg
bxlx2q	this statue i found in ireland it says this is connemara son of the sea built in by joyces craftshop for no apparent reason	https://preview.redd.it/h8en62vlvs231.jpg?width=320&crop=smart&auto=webp&s=11ca946aac48c994cf0ea1e15efdaca5d713d490	i.redd.it	23	0.0	1.0	1	0	0	bxlx2q.jpg
d040v6	my oranges at school were in a barrel	https://preview.redd.it/3qwexb5fatk31.jpg?width=320&crop=smart&auto=webp&s=8b1b2b949cf63a5bd1bb66d147e384bef162c7b4	i.redd.it	2	3.0	0.6	1	0	0	d040v6.jpg
6nxhls	n s f w road to booty	https://external-preview.redd.it/i96nICXGZE_INwYVtObT8bufJU35lw-VkUilpDcp5qM.png?width=320&crop=smart&auto=webp&s=f7768878ac5eaffb00b36bad8a71326c1a009b93	i.imgur.com	22	3.0	0.87	0	2	2	6nxhls.jpg
cbuj2dy	gotta catch em all	http://i.imgur.com/KwxjHN3.jpg		7			0	2	4	cbuj2dy.jpg
9jdfgu	boogie reunites with his ex wife and adopts her child	https://preview.redd.it/dhzaubh3mso11.jpg?width=320&crop=smart&auto=webp&s=837c3d83a2d8ec71d68594ad3341421f4a874abf	i.redd.it	21	2.0	0.87	0	2	2	9jdfgu.jpg
bnw630	this kid looking at a wedding cake	https://preview.redd.it/xaas3kkqfvx21.jpg?width=320&crop=smart&auto=webp&s=ca89dfd160fb89595150317c36ba7638f08e9b48	i.redd.it	3	2.0	0.81	1	0	0	bnw630.jpg
cryi4s	the longest i could make my dremel cut off bit last was months	https://preview.redd.it/1b15o81hy5h31.jpg?width=320&crop=smart&auto=webp&s=5a71ef8ad39976910b3ae40d5f611cc05bc82b39	i.redd.it	4	1.0	0.75	1	0	0	cryi4s.jpg
du8xmzi	ivy background	https://i.imgur.com/i0tJW3q.jpg		4			0	2	4	du8xmzi.jpg
ctupzje	can your dreams really become a reality	http://i.imgur.com/uL2580Q.jpg		5			0	2	4	ctupzje.jpg
d662xy	so apparently in portugal they have this concept where you can drink beers or other while your so is shopping	https://preview.redd.it/mizkzjgb1gn31.jpg?width=320&crop=smart&auto=webp&s=616fed81578096210d3c27de77aed7f55ae7c8d9	i.redd.it	12	3.0	0.93	1	0	0	d662xy.jpg
d6wlpf	our class is learning about the area raid	https://preview.redd.it/di5i134zprn31.jpg?width=320&crop=smart&auto=webp&s=5089e5ecf20431afc985d5116717afad9a6b6900	i.redd.it	20	4.0	0.72	1	0	0	d6wlpf.jpg
cdli8f	dr martens new pair vs old pair yrs of kitchen work	https://preview.redd.it/uk0yyagiiia31.jpg?width=320&crop=smart&auto=webp&s=e5c2401d62a6ca85756a2649e58d8bee569450d9	i.redd.it	58	30.0	0.9	1	0	0	cdli8f.jpg
d4pedva	ladystark	http://i.imgur.com/AGgvk2P.jpg		887			0	2	4	d4pedva.jpg
3ps8ph	police man wields brick pastor wields gun	https://external-preview.redd.it/9iN2wcC02f1VTnLMfeMNCq28VKjYK10E-xYpV1T2B2M.jpg?width=320&crop=smart&auto=webp&s=dc64fdf3db19f43f41cd036d70df1b780bd6e16a	ncronline.org	2	3.0	0.76	1	0	0	3ps8ph.jpg
d9rx0q	i dropped some golden paint sharpie onto a part of my workbench that is sealed with beeswax it made a really cool almost boiling affect	https://preview.redd.it/w00f2kmjw0p31.jpg?width=320&crop=smart&auto=webp&s=26769411f9dbd068ceb720af1b0a06b03dd10bc0	i.redd.it	6	3.0	1.0	1	0	0	d9rx0q.jpg
24clwc	police help year old makeawish recipient find the whereabouts of nemo	https://external-preview.redd.it/g_JyKUTDW-daddbcAQ7Yr3nFtXFfm8XfxkREMuy1Sl0.jpg?width=320&crop=smart&auto=webp&s=12af42c02ba71407bcfafd3b540f02f35b6b490b	mypolice.qld.gov.au	16	0.0	0.91	1	0	0	24clwc.jpg
cj6qeix	cutouts	http://i.imgur.com/ICMyLsf%2ejpg		1			0	2	4	cj6qeix.jpg
9j1vha	ladies get a room please totes nsfw	https://external-preview.redd.it/NJO4fRmYV6fMt4_NRnRsoU6ToaDj-KeOqJixgTQxpMw.jpg?width=320&crop=smart&auto=webp&s=75cddda47b5feb131220d0e5a1d1d5faef978777	i.pinimg.com	68	7.0	0.95	0	2	2	9j1vha.jpg
cfyzrh	as a part of getting rid of plastic straws this italian restaurant made the straws out of pasta	https://preview.redd.it/oyixa5w6snb31.jpg?width=320&crop=smart&auto=webp&s=af7eacf89ce92b45042d4d4f959b45536a9f6cbb	i.redd.it	152	25.0	0.87	1	0	0	cfyzrh.jpg
1wiql9	casino snakes are just a rumor we promise	https://external-preview.redd.it/DF9PXP71JGdMDAwLNFHf6m-l9ZYSDVro8odmguySV5g.jpg?width=320&crop=smart&auto=webp&s=3b20f87b7846cbce0d4cb903ae7e726ca73c7883	csmonitor.com	8	0.0	1.0	1	0	0	1wiql9.jpg
4l4d3p	the story behind the american dream photo at west point that went viral the washington post	https://external-preview.redd.it/uvWDT_5AwEP_7Kw1Zk0Vmc6K9f8WvWeI0pA6J5opyNA.jpg?width=320&crop=smart&auto=webp&s=c43ebd9ce4024be17924c85348bcdd6f38d3b2ad	washingtonpost.com	26	6.0	0.84	1	0	0	4l4d3p.jpg
cjevofi	suicidal elmo	http://i.imgur.com/Z7KhjJj.jpg		5			0	2	4	cjevofi.jpg
3icjg1	matt damon at disneyland	https://external-preview.redd.it/703fjqRZU5IGz7X5w3Hh5DRVG4_mQ94xS4krYV6FUIc.jpg?width=320&crop=smart&auto=webp&s=ced3cb9baab43392d7085f3a77c54e6539d7f71f	celebslam.celebuzz.com	297	26.0	0.93	1	0	0	3icjg1.jpg
87tw0t	the shadow of my lamp casts an all seeing eye that is staring down on me when i lay in bed	https://preview.redd.it/kcca4epmjjo01.jpg?width=320&crop=smart&auto=webp&s=4ec1c8accec1d8ec818f8699190f016a20eddd7e	i.redd.it	12	2.0	1.0	0	2	2	87tw0t.jpg
518yrz	obama and putin at the g summit	https://preview.redd.it/cyzdzaplpojx.png?width=320&crop=smart&auto=webp&s=cec274042dfa56dfd83fe3bd6f6d1738e57f7282	i.redd.it	1301	104.0	0.91	1	0	0	518yrz.jpg
cbya9v2	other discussions	http://i.imgur.com/2gIzuNT%2ejpg		1			0	2	4	cbya9v2.jpg
223bk2	a girl photographing some trader joes tortellini	https://external-preview.redd.it/STjWMrIVH0hOyXOLR_ph56TXmXB5b02FZXRfEQSDQJI.jpg?width=320&crop=smart&auto=webp&s=0e69ca9e3944f6ee6e66e29cb5197ebd25e8e80b	i.imgur.com	2	2.0	0.6	1	0	0	223bk2.jpg
cg4lhv	found a baby corn while husking my adult corn	https://preview.redd.it/cuk9x88u9qb31.jpg?width=320&crop=smart&auto=webp&s=2d9f07d3cf41b4d41ac79df105f3f0d7773c2069	i.redd.it	38	6.0	0.9	1	0	0	cg4lhv.jpg
cdw788	guards at area prepare to fend off legions of angry citizens recolourized	https://preview.redd.it/769n2n4hpna31.jpg?width=320&crop=smart&auto=webp&s=ee0f16aeec723db6379a22d9050d8ea9cbb94867	i.redd.it	20	0.0	0.89	0	2	2	cdw788.jpg
cefjmj6	other discussions	http://i.imgur.com/1vZDDWX%2ejpg		1			0	2	4	cefjmj6.jpg
76hymy	im just going to leave him at my dads college reunion in the ice of antarctica	https://preview.redd.it/b9wvqo6obtrz.jpg?width=320&crop=smart&auto=webp&s=dc7344c0fcd9430147e55284782ba6e0f4c47eb9	i.redd.it	97	20.0	0.96	0	2	3	76hymy.jpg
86gqc3	british forces plant explosives under german lines at the battle of messines th	https://preview.redd.it/6vsnrzdeven01.jpg?width=320&crop=smart&auto=webp&s=2e1d37d005622a2c9fcac898f0671447d6baaa9b	i.redd.it	41	0.0	0.99	0	2	2	86gqc3.jpg
9ff46n	smiley face on a wasps back	https://preview.redd.it/doer7a9tsxl11.png?width=320&crop=smart&auto=webp&s=f6424f2782eee3af7d236acecb2fb802b7d13a67	i.redd.it	7	0.0	1.0	0	2	2	9ff46n.jpg
5xpwwf	this pups fur looks a tad flakey	https://external-preview.redd.it/EbT91ExeH257uiHzY3TK7nKllcLS5rLfy9Wowr4xMHc.jpg?width=320&crop=smart&auto=webp&s=8708b7966f3471d3756949914358ca4aeb63bde3	i.reddituploads.com	14	1.0	0.94	0	2	2	5xpwwf.jpg
bigk2d	b franklin with one of his lesser known inventions	https://external-preview.redd.it/P2yEzKKxE6kfAIPYDd8HeVrvhA1JKx651r7jF9KLQ34.png?width=320&crop=smart&auto=webp&s=903f5209fdde445525decfd27d7ecd980573d8cd	i.imgur.com	18	0.0	1.0	0	2	2	bigk2d.jpg
cf3fa3	assanation of rasputin circa	https://preview.redd.it/jd23d9gl17b31.jpg?width=320&crop=smart&auto=webp&s=8e77e1e39236552065207bdf02acc91e3f193b2a	i.redd.it	22	2.0	0.93	0	2	2	cf3fa3.jpg
cpo24j9	beefcake	http://i.imgur.com/JhbSscU.jpg		48			0	2	4	cpo24j9.jpg
dkee9mz	to yugema	http://i.imgur.com/OUJoYLM.jpg		6			0	2	4	dkee9mz.jpg
cmuh5m	good for him this man is getting more joy from pushing a big air bubble out of his swim trunks than he has from anything else in years	https://external-preview.redd.it/7bq6qiXZA1jwGAToYuNwrCwcarGWiSww0kppBoSXyJM.jpg?width=320&crop=smart&auto=webp&s=d27f3b6b7ffc87021f6eca060708e033758c0c70	clickhole.com	334	2.0	0.99	0	2	1	cmuh5m.jpg
3cgzsj	porkin across america be the onions darkest most fucked up series ever	https://external-preview.redd.it/NNi5gCLpEY6jENJWUKC-o7uQmb3Gzuw_iQ2JzFFLzb0.jpg?width=320&crop=smart&auto=webp&s=062c7b901e7246aed5562c3113d79f6aefc58930	youtube.com	47	6.0	1.0	0	2	1	3cgzsj.jpg
cvp637q	this	http://i.imgur.com/ERlqjP8.jpg		77			0	2	4	cvp637q.jpg
6mvdll	in texas people with mental illness are finding work helping peers	https://external-preview.redd.it/7SkLNUO6dSFMxQB230A0ietGAe6f03iOax9jlA8rcjU.jpg?width=320&crop=smart&auto=webp&s=9d4070dfdcc57679cd4ec3293ce93ffbc924acab	npr.org	7	0.0	0.89	1	0	0	6mvdll.jpg
5b5dc2	blog we need to teach our sons that being convicted of rape is wrong	https://external-preview.redd.it/fMkySEAlYPnq2VTPMh95QM6dw2V_1Iz2EQukSwU0Tb8.jpg?width=320&crop=smart&auto=webp&s=65b0cf10ef8777ff7f63a626d5e030fa65d4975e	clickhole.com	14	0.0	0.84	0	2	1	5b5dc2.jpg
6br2ov	the saints elements	https://preview.redd.it/5dkduo5o64yy.jpg?width=320&crop=smart&auto=webp&s=7c9ee61880bb97b967a1096588582415a1278279	i.redd.it	20	0.0	0.96	0	2	1	6br2ov.jpg
c2bsrf	my dogs color changing nose day difference	https://preview.redd.it/bpve5w5zc8531.jpg?width=320&crop=smart&auto=webp&s=afa7ebd587d36e502b93d5fcf569c11c8bc8858d	i.redd.it	47	10.0	0.85	1	0	0	c2bsrf.jpg
1hlqkf	who wants to make curry not this guy	https://external-preview.redd.it/TGyeu2ekDRqd9MA_qiexi_C0ZPubuleaqLhsOAn0_UE.jpg?width=320&crop=smart&auto=webp&s=879461cbb461a075a0bc27a1e3f77b03313c1660	i.imgur.com	2	0.0	0.63	0	2	2	1hlqkf.jpg
5avtfj	the external tank of nasas space shuttle atlantis about miles kilometers above nuisementsurcoole france photographed on from atlantis about minutes after liftoff most of the tank disintegrated in the atmosphere and the rest fell into the ocean	https://external-preview.redd.it/2MjA2O6NrmnX7QAH4zyu6ErcBEDSjwwC7XsOKAaUs1o.jpg?width=320&crop=smart&auto=webp&s=144b89b9a3ba6bb2e2a7fafe7a5023ddc68ea5da	chamorrobible.org	7	4.0	0.78	1	0	0	5avtfj.jpg
158vgp	frosty dragon	https://external-preview.redd.it/2Qm-u0FOIEpzzTkgkgDNAH46Jn_MHXW7r3aPwpIWngs.jpg?width=320&crop=smart&auto=webp&s=3a5503a3abb0e3cd03ca8a8822048b06c09dc317	imgur.com	7	1.0	0.74	0	2	2	158vgp.jpg
9b4cgf	lenin and his red army win the russian civil war	https://preview.redd.it/0q92h1mudxi11.jpg?width=320&crop=smart&auto=webp&s=6e315c7b5df5e99e7f661252b1fcb75595281a37	i.redd.it	79	0.0	0.96	0	2	2	9b4cgf.jpg
41jnja	stuck behind a highway mudslide this touring band serenades fellow motorists	https://external-preview.redd.it/UQH5Xt-slffvpBMh1oIly9f1JQ0TfBQHpHo8tZdHdkU.jpg?width=320&crop=smart&auto=webp&s=e0b3e224985c92630891556255da4793b3f9a4f4	kymkemp.com	6	0.0	0.72	1	0	0	41jnja.jpg
axu12k	the cdc sent me a bill and asked me to fill out a survey	https://external-preview.redd.it/i3ft7RqkDA0bm8HSl2Ai3n2Qb22F7UkiPqG5A1iiR3g.jpg?width=320&crop=smart&auto=webp&s=f0d72f1241c9f7154deb2a54ca755f0357a9071c	imgur.com	24	13.0	0.89	1	0	0	axu12k.jpg
cbqyedf	yeah definitely photoshopped	http://i.imgur.com/VM12Dnl.jpg		1418			0	2	4	cbqyedf.jpg
doc6xv8	in memory	https://i.imgur.com/Zpuy4mT.jpg		696			0	2	4	doc6xv8.jpg
2x55ni	lego stephen hawking	https://external-preview.redd.it/SgLeECsiRXzVB18SP0yugf3ByeY8CNdqV-KcW7vmZgw.jpg?width=320&crop=smart&auto=webp&s=3d8f11629629859856addab25a372d072d27db0f	i.imgur.com	62	17.0	0.85	1	0	0	2x55ni.jpg
cu3fq6n	credit to uwoodymammoth	http://i.imgur.com/3rbgTIF.jpg		25			0	2	4	cu3fq6n.jpg
3wulz5	always faithful to the way of south africa south african wwii recruiting poster c	https://external-preview.redd.it/D09mG5cGz-gO-sHyaDs3wkVNwqBZk0QV52B-gF93mMQ.jpg?width=320&crop=smart&auto=webp&s=21a9979aca3a418ae03456bf7c97471cb861362f	imgur.com	96	10.0	0.96	0	1	5	3wulz5.jpg
2xdfqm	kirk and spock	https://external-preview.redd.it/ALN2XGSWXIBBFxAp1NLalLoKX6BVVsCy0jtSxj_NIe8.jpg?width=320&crop=smart&auto=webp&s=9d27a0d9297faf3f7998fb18aa66e56345c3feac	static.vtc.vt.edu	16	9.0	0.78	1	0	0	2xdfqm.jpg
730eqz	blackpool town hall england	https://external-preview.redd.it/i-dwFqFWCOxAKMD30YDr6u7R2owWJ_jd9oNGJqqrrDA.jpg?width=320&crop=smart&auto=webp&s=db99a39d6e1ee66b9c36121978b83d97920fb711	c1.staticflickr.com	46	1.0	0.91	1	0	0	730eqz.jpg
868le4	lorde recording her first album pure heroine	https://external-preview.redd.it/kD2Ecsrl62777X041u3sudERFwNoCnL7LIJ-PG70Qk8.jpg?width=320&crop=smart&auto=webp&s=fbe1b3a9f34dc4ad1d9c0e79405a0c8b1a303a01	imgur.com	13	0.0	0.82	0	2	2	868le4.jpg
bbinhi	what windows wallpaper would look like today	https://preview.redd.it/ethi2jatpdr21.jpg?width=320&crop=smart&auto=webp&s=5ffce211199c10ccb29ed833caa2b9fb816f7882	i.redd.it	13	5.0	0.74	1	0	0	bbinhi.jpg
505wns	an ancient warped skull from a baby monkey	https://external-preview.redd.it/Eu87eu9uAt8fytZlQSb9qLnoBRz3V8HU7itVduzm7n4.jpg?width=320&crop=smart&auto=webp&s=ba748b636ebf24784adfe112a6cba84cf1b4b3a6	imgur.com	10	1.0	0.75	0	2	2	505wns.jpg
evsd6rh	fairly odd	https://i.imgur.com/QU8PwCZ.jpg		2			0	2	4	evsd6rh.jpg
c7dw927	he found something better to climb on	http://i.imgur.com/zIg2D.jpg		14			0	2	4	c7dw927.jpg
82xjyj	my grandpa always told me when i was your age i had to walk over five miles in the snow to get to school and that was miserable i never believed him until i was on the internet and found this photo of him suffering in the snow i hope this is the right place to share it	https://preview.redd.it/1na11lpnmjk01.png?width=320&crop=smart&auto=webp&s=db4d37ff3ad0f6ab44800a7a9f18fd6bcbb72be8	i.redd.it	51	2.0	0.95	0	2	2	82xjyj.jpg
ctgajv	a toilet with a built in sink that fills the tank with every flush	https://preview.redd.it/yqy6jusursh31.jpg?width=320&crop=smart&auto=webp&s=944dfa832533f6169c0a05bf64df52d37fa916bf	i.redd.it	27	6.0	0.84	1	0	0	ctgajv.jpg
exphwhx	department of jpeg	https://i.imgur.com/LUm9j4a.jpg		52			0	2	4	exphwhx.jpg
cuou5lt	judgement time	http://i.imgur.com/QT60Bdb.jpg		1			0	2	4	cuou5lt.jpg
86tij7	guy on cannon	https://preview.redd.it/v8u8g7yl6qn01.jpg?width=320&crop=smart&auto=webp&s=2589d90f701bb49d88fb21fb5fd903e2118ea207	i.redd.it	10	3.0	0.85	1	0	0	86tij7.jpg
d0xc9si	thats a nice trick barack	http://i.imgur.com/LO8M40G.jpg		4			0	2	4	d0xc9si.jpg
c74a6ir	expanding	http://i.imgur.com/vFew9.jpg		2			0	2	4	c74a6ir.jpg
9j52tc	almost done first drawing in year	https://preview.redd.it/7u4cdxenkmo11.jpg?width=320&crop=smart&auto=webp&s=1e0cd3a2c34c158fc4a709a3d3a691132cda927d	i.redd.it	9	5.0	0.74	1	0	0	9j52tc.jpg
13219h	at the neonazi rally in charlotte nc	https://external-preview.redd.it/veHzEgdUlKZlumS0JjGXdwKrFuix247hIQtWBhdtGKU.jpg?width=320&crop=smart&auto=webp&s=a84da137cc8999b905ff62ce26f85a1babe461f7	imgur.com	6	4.0	0.71	1	0	0	13219h.jpg
94kp1m	mama sheep and baby sheep looking awkward	https://preview.redd.it/98q103pzz3e11.jpg?width=320&crop=smart&auto=webp&s=64cf8665ca56d59690f5d79dfb3631128a947a1b	i.redd.it	3	4.0	0.8	1	0	0	94kp1m.jpg
9bzpx1	this real estate listing blurred out the dogs face as well	https://preview.redd.it/3kcz5z6bijj11.jpg?width=320&crop=smart&auto=webp&s=116f9751660b6d227f30fbcbc4fcd8db8d2be422	i.redd.it	45	4.0	0.94	1	0	0	9bzpx1.jpg
dg5o48b	in the shadow of an american icon	http://imgur.com/24Q5ANx.jpg		2			0	2	4	dg5o48b.jpg
98ytz5	mods hard at work	https://preview.redd.it/o413xbcq9ch11.png?width=320&crop=smart&auto=webp&s=e537a6dd2ee2752e02b027b0cf7eaa6faf933bd4	i.redd.it	3	0.0	1.0	0	2	2	98ytz5.jpg
2tragu	why we need a north american passport	https://external-preview.redd.it/rCBLimRuZAK-cGlpAMJ8Bk14UhTuCOCVN3r7dqsT8z8.jpg?width=320&crop=smart&auto=webp&s=5d0a1234e4e979944600d6707777152d61cc79e6	cnn.com	11	1.0	0.74	1	0	0	2tragu.jpg
4p716q	bill nye is reality just a computer simulation heres what science tells us	https://external-preview.redd.it/i7tO-Pck7ek8IziQFM9gjhCHyiiwbV5CXur3kxiFQjU.jpg?width=320&crop=smart&auto=webp&s=2e32bf3ec516fc1dc77ebee4f4a6baf847f64399	bigthink.com	20	3.0	0.8	0	2	5	4p716q.jpg
b97y10	i just found out that i have been using two of the same perfume bottles when i found out they were at the same usage level	https://preview.redd.it/23ccpgsm76q21.jpg?width=320&crop=smart&auto=webp&s=967785ffc38f7f34bd55d140b3fa87c28848d351	i.redd.it	18	0.0	0.8	1	0	0	b97y10.jpg
chtbwcm	cutouts	http://i.imgur.com/6SYZcx4%2ejpg		2			0	2	4	chtbwcm.jpg
10lv5k	downed ace socialist realism	https://external-preview.redd.it/uINz0UhlYhpF-llKxBWanHP8aIFeb_B0tjU81F8-J6k.jpg?width=320&crop=smart&auto=webp&s=818f5b45b2b6100944b114d06449dd38c7edacd5	i.imgur.com	63	2.0	0.97	0	1	5	10lv5k.jpg
9c3g6j	my oatmeal bowl is sick and has a temperature	https://preview.redd.it/7oskwgij0nj11.jpg?width=320&crop=smart&auto=webp&s=e9e0592bd8ca0f840dec298d99e10d0ed00031d2	i.redd.it	7	0.0	1.0	0	2	2	9c3g6j.jpg
c7fb37	feeling cute	https://preview.redd.it/phg219tvci731.jpg?width=320&crop=smart&auto=webp&s=27ed6b9eaafa65d0ed6092c90ff0ab81036dd13d	i.redd.it	53	1.0	0.98	0	2	2	c7fb37.jpg
bx3qnz	this qr code has a bunny in it	https://preview.redd.it/adxcv8yo1k231.jpg?width=320&crop=smart&auto=webp&s=4314a702f45885cb3ba732dd8ac93406c2b68cc8	i.redd.it	56	9.0	0.93	1	0	0	bx3qnz.jpg
1m03x9	tortoise escape	https://external-preview.redd.it/0lfUOAmtbo4dCy2jN8IW6YWjNwIo6Gn8cDJ0yxemv64.jpg?width=320&crop=smart&auto=webp&s=91acdfb3d92e3cea7db4930f926dc18462b8775b	i.imgur.com	3	7.0	0.71	1	0	0	1m03x9.jpg
bg4cpm	ford motors has a restaurant in my city	https://preview.redd.it/nengdvtvhut21.jpg?width=320&crop=smart&auto=webp&s=dba060c2764e2d8b49b37feaa7a5227a8ed7cf73	i.redd.it	9	3.0	0.92	1	0	0	bg4cpm.jpg
7vhh1m	justices wont block pennsylvania gerrymandering decision	https://external-preview.redd.it/pmgrn7q9O-Vt5nVgtdYlxwupxn_pkrt6HRzhStelvaU.jpg?width=320&crop=smart&auto=webp&s=4ec98441ee57eb85c059e5e7cdad35a42f17acf3	nytimes.com	17	1.0	0.77	1	0	0	7vhh1m.jpg
d3ufwo1	wrecking ball	http://i.imgur.com/AkDGOvh.jpg		17			0	2	4	d3ufwo1.jpg
3dkuic	obama blowing a dandelion held by a child	https://external-preview.redd.it/bO4PiAP7FxPEzhDGu6r5TcLhAqBNJdQXXR626q4MCrc.jpg?width=320&crop=smart&auto=webp&s=abefe395813c38b79494ee77eac0cfa791abbd30	i.huffpost.com	4	6.0	0.75	1	0	0	3dkuic.jpg
ci3dmzn	back alley battle royale	http://i.imgur.com/2bLye0H.jpg		2			0	2	4	ci3dmzn.jpg
ayxkpz	its nice the vid but who else thought he was jumping on the car in slow mo	https://external-preview.redd.it/bjavrLzkv5pqMJ2JZcfT9rvYQOSxlt3HiBn6uD9WjPc.png?width=320&crop=smart&auto=webp&s=956ddfb2d637b46faca6130cf773ba99653ceccf	v.redd.it	35	4.0	0.77	0	2	2	ayxkpz.jpg
4jh81c	spread eagled dog being lowered down a rope	https://external-preview.redd.it/WB9tlU25UfZhC-pL-FN9WLxZ_V-jyqysFArkWEov1Qw.jpg?width=320&crop=smart&auto=webp&s=649ff601e6fa30ac8d55e5ea3fa58dd97b4e7148	i.imgur.com	2	2.0	0.6	1	0	0	4jh81c.jpg
bi34q1	almost stepped on this sad little guy	https://external-preview.redd.it/eUwPY39bv2asD8RSiJa0xB0Sedd3_R1iNy3wMWpCt58.jpg?width=320&crop=smart&auto=webp&s=f2008b754d1e602d0a77d453d49759d689894e51	i.imgur.com	4	0.0	0.83	0	2	2	bi34q1.jpg
881uc5	abraham lincoln after issuing the emancipation proclamation	https://preview.redd.it/dfea9sadtpo01.jpg?width=320&crop=smart&auto=webp&s=066173160e5ea2bafb4833392f769f42ea2a5c55	i.redd.it	90	2.0	0.88	0	2	2	881uc5.jpg
2uzayj	yosemite valley in the fall	https://external-preview.redd.it/BZEp6DuhAFDYHS5dNA0VPLyBz1mWX3xiLShnUMZSujM.jpg?width=320&crop=smart&auto=webp&s=ca743cf84375b19ec10b9e1109f6224c0305fc3e	ppcdn.500px.org	237	5.0	0.97	1	0	0	2uzayj.jpg
1bubzu	bag buckle in panic	https://external-preview.redd.it/dSUGyxJBwbi3ATH-c7ZeQLe9UydhB0RhMpk2Hfr6YvQ.jpg?width=320&crop=smart&auto=webp&s=492f4fdaa05127bdef9311fb18e654bd69d72e7e	i.imgur.com	2	0.0	0.67	0	2	2	1bubzu.jpg
2mttte	a zen garden	https://external-preview.redd.it/lodiLazGH8OyaFBZfdHHyItv9GF0894bE-u0HjGaK2o.jpg?width=320&crop=smart&auto=webp&s=61480e390c3d21c6c8277a1f31c34d1bad46deaa	imgur.com	3	0.0	0.61	0	2	2	2mttte.jpg
1i0n5d	blackberry lets authorities spy on users to end dispute with indian government	https://external-preview.redd.it/nnGPW7lFpgl2k4NqX0ZRxle7Ft5V5XWM9CeIcLjebD0.jpg?width=320&crop=smart&auto=webp&s=df37458f8f494b5c735b75b42ee18f1b60168b0d	theverge.com	6	0.0	0.81	1	0	0	1i0n5d.jpg
bsorfp	the first aerial picture of an alien forest on newly discovered planet siberius v	https://preview.redd.it/kmynmhm3b9031.jpg?width=320&crop=smart&auto=webp&s=b78add88bf0488f96f5292a1878644ead0b8022d	i.redd.it	7	1.0	0.73	0	2	2	bsorfp.jpg
ct90oy	guy decided to go medieval with his lock choice at my local gym	https://preview.redd.it/wfxd4dcp5ph31.jpg?width=320&crop=smart&auto=webp&s=7b13be1e0472fcf378753c924e3797540f57685b	i.redd.it	38	3.0	0.95	1	0	0	ct90oy.jpg
c673242	flight i need a go no go for launch	http://i.imgur.com/rPD73.jpg		18			0	2	4	c673242.jpg
52qm77	president obama to increase refugees admitted to us by	https://external-preview.redd.it/iTnFSr_BqhnBYl_KnPeDRDKUO91iNwJmGckplc-LlgU.jpg?width=320&crop=smart&auto=webp&s=82c3a7ed137c0f715f53ecb18f69ba3576e60ded	wsj.com	24	1.0	0.86	1	0	0	52qm77.jpg
4aotgt	republicans call for privatization of next election	https://external-preview.redd.it/yYo5Qva37qT9qwgXeixCHY-UlGhG1RBj47tiP4d7DyQ.jpg?width=320&crop=smart&auto=webp&s=673ef753407f9a75a9efdc4c64b02e7e6d2de6d8	theonion.com	25	0.0	0.86	0	2	1	4aotgt.jpg
atvvqk	this design the snow made on my moms truck last night	https://preview.redd.it/1h8o55n3tbi21.jpg?width=320&crop=smart&auto=webp&s=3013d25a5f0e25f766cac10e810d6428edba110d	i.redd.it	36	4.0	0.8	1	0	0	atvvqk.jpg
bss71f	two number kahoot code in class	https://preview.redd.it/phv84d4xfb031.png?width=320&crop=smart&auto=webp&s=4a559b85250d4a6645931c69e4512167659a5210	i.redd.it	4	4.0	0.58	1	0	0	bss71f.jpg
cy6mw39	bugs by dre	http://i.imgur.com/NSFYiCn.jpg		202			0	2	4	cy6mw39.jpg
cew6w9g	felis silvestris corvette type catus in attack mode	http://i.imgur.com/dnXwXVT.jpg		16			0	2	4	cew6w9g.jpg
cikcuhg	because i was inverted	http://i.imgur.com/vGJK7uQ.jpg		117			0	2	4	cikcuhg.jpg
bj65la	roots growing like lava around the sidewalk in philly	https://preview.redd.it/asncttuptfv21.jpg?width=320&crop=smart&auto=webp&s=eb54dc2b1ea100c8547e5033b880420abc70addc	i.redd.it	17	0.0	0.91	1	0	0	bj65la.jpg
76y0yi	anvil self titled	https://preview.redd.it/jb4gji1ypdsz.jpg?width=320&crop=smart&auto=webp&s=a6a3f4efa6cd9ff327239d4de681298441c61342	i.redd.it	9	1.0	0.91	0	2	1	76y0yi.jpg
19zzpz	o	https://external-preview.redd.it/nhtu3xolsg68e0ffE2sD8Wvidzxpp789MVIdbQuqj9g.jpg?width=320&crop=smart&auto=webp&s=9979d6802a6b4b00f0534779835a01d972c1f809	imgur.com	158	1.0	0.93	0	2	2	19zzpz.jpg
dh2ka3	ho chi minh takes the oath of office before becoming us president	https://preview.redd.it/776ag1qs07s31.png?width=320&crop=smart&auto=webp&s=f3bb09219c5044314612f1b08c5b7eff8859b617	i.redd.it	8	0.0	0.85	0	2	2	dh2ka3.jpg
buxk8j	oneofakind maine program helps veterans work through hardships	https://external-preview.redd.it/WHqmDWDltwu3UHQYsWPb2pElUsrRfFL_kEsDwD7eMS4.jpg?width=320&crop=smart&auto=webp&s=9bf5d6a6f0363a1e6fea5e65b1e36ea2b49733ef	wgme.com	9	0.0	0.82	1	0	0	buxk8j.jpg
9jxn3a	the pills in my bottle got perfectly lodged together in the bottom so they wouldnt come out when you tip the bottle upside down	https://external-preview.redd.it/hiO6wV6PmD3ljKhEO7L3yiVWngzQPoko_hFIsKT8NuA.jpg?width=320&crop=smart&auto=webp&s=29a502f14092388f5a547a82215426be48cf61a5	imgur.com	12	0.0	0.66	1	0	0	9jxn3a.jpg
281z07	man breaking into homes in boston tickling unsuspecting victims	https://external-preview.redd.it/mbgHw0lZSL17E3brU2OcXLw3Tx4y1YpG82A7Ph-ND3M.jpg?width=320&crop=smart&auto=webp&s=0fa660ec9bc4cddb6de52c54945d204c07f5b45c	abc13.com	169	17.0	0.86	1	0	0	281z07.jpg
dahtlpx	thousand yard stare of us soldier after surrendering to german forces	http://i.imgur.com/Pbxt14O.jpg		5			0	2	4	dahtlpx.jpg
9cdw3y	this apple has three calyxes	https://preview.redd.it/3gukwumj2vj11.jpg?width=320&crop=smart&auto=webp&s=ed622dae232368d7c8953fb76eb41e6a9847eed3	i.redd.it	7	3.0	0.77	1	0	0	9cdw3y.jpg
d8nhnb	donald trump jr sitting on a tree stump	https://preview.redd.it/6p9tcsljrjo31.jpg?width=320&crop=smart&auto=webp&s=cc7e0270333fad31b7f8882e312832c4f0fbed55	i.redd.it	5	4.0	0.67	1	0	0	d8nhnb.jpg
89frf2	begins howling	https://preview.redd.it/kb6pz80z1qp01.jpg?width=320&crop=smart&auto=webp&s=c61aac1ec2a71e9da67be9610636f56d06f68efe	i.redd.it	1042	21.0	0.98	0	2	2	89frf2.jpg
f0ilee8	chilling after good ride	https://i.imgur.com/mV1Th0V.jpg		30			0	2	4	f0ilee8.jpg
d25fubh	something like this	http://i.imgur.com/PQ962u2.jpg		8			0	2	4	d25fubh.jpg
d4bhol	space revival interstellar ignorance	https://preview.redd.it/ihfp4z3gqmm31.jpg?width=320&crop=smart&auto=webp&s=8b1f89a52e0804c638d1761bcbe4dbc232e22916	i.redd.it	49	0.0	0.98	0	2	1	d4bhol.jpg
9j7vnr	siblings separated in foster care reunite at disneyland	https://external-preview.redd.it/p1EEB3kbvnQGt7SBOjlWn8wRWO8zpeRGqNI_Kpw-NsE.jpg?width=320&crop=smart&auto=webp&s=02cb4951773a2cef8088ce641bca23030731c024	abcnews.go.com	22	5.0	0.92	1	0	0	9j7vnr.jpg
cbj7xwg	ohhh kim jong likey	http://i.imgur.com/lC8gyMA.jpg		31			0	2	4	cbj7xwg.jpg
ci6ncn7	caged up	http://i.imgur.com/srRx3Lb.jpg		44			0	2	4	ci6ncn7.jpg
8a9zzd	smokey eye makeup tutorial	https://preview.redd.it/jv0dwb67uaq01.jpg?width=320&crop=smart&auto=webp&s=3940e6bf98c0b3feef8e613cda04ba83563d9827	i.redd.it	46	1.0	0.85	0	2	2	8a9zzd.jpg
85v0ze	a fierce warrior	https://preview.redd.it/831fc31mnym01.jpg?width=320&crop=smart&auto=webp&s=132e4f385d85c54db419e87fe800ec1b15559960	i.redd.it	2	0.0	0.76	0	2	2	85v0ze.jpg
e0m4rs7	no i am your father no nooooo	https://i.imgur.com/wiFBf1s.jpg		28			0	2	4	e0m4rs7.jpg
8p78yt	rare photograph of the inside of jeffrey dahmers fridge shortly after his arrest nsfw	https://preview.redd.it/h9znrhbu4i211.jpg?width=320&crop=smart&auto=webp&s=9becb67c567e5110be8ca3b36327d95d333bf159	i.redd.it	23	1.0	0.89	0	2	2	8p78yt.jpg
ck9tsk	bagel without hole	https://preview.redd.it/7n9dfeqeond31.jpg?width=320&crop=smart&auto=webp&s=8701888702f78761cfccc455d3b327da28c1ab0e	i.redd.it	8	8.0	0.75	1	0	0	ck9tsk.jpg
8hrikk	this necklace	https://preview.redd.it/8acefwdkdgw01.jpg?width=320&crop=smart&auto=webp&s=0025b8e64ab91092dbbdf6e54f4e03bf7c27bd55	i.redd.it	1	0.0	0.54	0	2	2	8hrikk.jpg
cpfp1v	my european rental cars stereo has the new york city skyline as its equalizer	https://external-preview.redd.it/xAz2qZ_ph5RtqhpC1jIR2waAm3xV2tzSPZWSaDK2tOI.jpg?width=320&crop=smart&auto=webp&s=d04e2157c7511a93aeec29a0d62b142bf32a3410	imgur.com	5	1.0	0.78	1	0	0	cpfp1v.jpg
bzc89a	couple wins millions using lottery loophole	https://external-preview.redd.it/rxQcRo0kKm35riBaASIub6XMimBVROnd_JwFNw7bmPc.jpg?width=320&crop=smart&auto=webp&s=33a5d0733d0a11f5bf7f99ed6728e681dadc5c11	msn.com	13	1.0	0.76	1	0	0	bzc89a.jpg
cdefg64	you wont like me when im angry	http://i.imgur.com/RgASFGY.jpg		11			0	2	4	cdefg64.jpg
bgtj9o	new carpet cleaner safe for pets that were meant to go on living	https://external-preview.redd.it/tAUBeQxsnoNJdWLGs5WUwOXakZj_Y1107UHFBlKY1ow.jpg?width=320&crop=smart&auto=webp&s=567dbd6650bc6eec5457bd39f310c7a2e25368a3	theonion.com	238	3.0	0.98	0	2	1	bgtj9o.jpg
7hk9ot	two sea lions laughing at each others jokesin bacon	https://preview.redd.it/nw7q6s27xy101.jpg?width=320&crop=smart&auto=webp&s=a9fd50c956657f43672287510e933ff75345db11	i.redd.it	27	2.0	0.84	0	2	2	7hk9ot.jpg
djne671	a solid on imdb	http://i.imgur.com/jfd9RMN.jpg		2			0	2	4	djne671.jpg
cjhvow	this sunbleached coke label	https://preview.redd.it/czv3llfzabd31.jpg?width=320&crop=smart&auto=webp&s=b2af969df226c0796604e7085e15d9cf5ab0d3c1	i.redd.it	14	0.0	0.86	1	0	0	cjhvow.jpg
cjrjzdh	cutouts	https://i.imgur.com/a21qLuG%2ejpg		1			0	2	4	cjrjzdh.jpg
9w74ji	man flashes gun robs man of cents and flees new orleans police	https://external-preview.redd.it/OlUT9UC3c9Ijgy23W0oJS1WTRsTittZMOoOthUsXLJI.jpg?width=320&crop=smart&auto=webp&s=5756246347ccbafc705ae3fee8c932222be9efad	nola.com	213	12.0	0.97	1	0	0	9w74ji.jpg
7f1w13	turkmenistan currency crisis seen causing cola shortage	https://external-preview.redd.it/ZhhjY7Hq_uNGE6bF-pKr6u_SgujPBnMDvCnIIZ02e3U.jpg?width=320&crop=smart&auto=webp&s=81b20825e07af7729a5ce95890daea9230d592a2	france24.com	71	4.0	0.91	1	0	0	7f1w13.jpg
1ifwkp	behold the shower goat	https://external-preview.redd.it/0dPtsFPeujuF2-eSVC3PTfRrEbGJTQJsCvwBSn79vtM.jpg?width=320&crop=smart&auto=webp&s=a91e671826dbd9be5c04e9860e29698ebaf01fcb	i.imgur.com	20	0.0	0.96	0	2	2	1ifwkp.jpg
ch142wo	wenger will lead the way	http://i.imgur.com/zVDYBXf.jpg		7			0	2	4	ch142wo.jpg
drzy47b	source	http://imgur.com/xDNnD3Q.jpg		3			0	2	4	drzy47b.jpg
1kskp4	volkan the intruder man in underpants partied in merkels jet	https://external-preview.redd.it/s4Mo8QVuVHHOUkQxFUjzOeXva9q11mluuepL3MKNavA.jpg?width=320&crop=smart&auto=webp&s=5daf6789e92781c86e1bd16517afb02a01f83f5b	spiegel.de	14	0.0	0.95	1	0	0	1kskp4.jpg
dfhdo6	thats a lot of beer for all the farmer protestors in the netherlands	https://preview.redd.it/a6m2jxqttir31.jpg?width=320&crop=smart&auto=webp&s=aabedda7412d7c39225e0ee8339668da1328dd79	i.redd.it	15	1.0	0.87	1	0	0	dfhdo6.jpg
df2vg19	notre dame fans take the field	http://i.imgur.com/IURu89C.jpg		31			0	2	4	df2vg19.jpg
con4ujq	losers	http://i.imgur.com/LFovXo3.jpg		168			0	2	4	con4ujq.jpg
cpqy8p	the beginning of south africa colonization from the british	https://preview.redd.it/1g9baw94v6g31.png?width=320&crop=smart&auto=webp&s=68951ba4b36ecead506387bfb76843bd6c274d56	i.redd.it	7149	59.0	0.99	0	2	2	cpqy8p.jpg
d11kp19	we came to rock	http://i.imgur.com/uvL5Gcq.jpg		9			0	2	4	d11kp19.jpg
sm2rw	does anyone else think that my aunts sink looks like a man with a hat	https://external-preview.redd.it/ShSXjQ8O3qURODQ1Z2WXlxOPW_madkxJmhlhclIv_Hc.jpg?width=320&crop=smart&auto=webp&s=cbea8df396d1da0baa98fcbdff00f4cc3ef0e8b2	imgur.com	120	9.0	0.94	0	2	2	sm2rw.jpg
b0rrin	what appears to be a cardboard crown held together by staples is actually made of yellow and white gold	https://preview.redd.it/emtglzedhyl21.jpg?width=320&crop=smart&auto=webp&s=702a0b14a7bd6e77a7646dfb82a2374eea1ee086	i.redd.it	18	5.0	0.79	1	0	0	b0rrin.jpg
dglkxx	a tiny bug from a psilocybin mushroom under a microscope	https://preview.redd.it/ggx4uz6eczr31.jpg?width=320&crop=smart&auto=webp&s=065dc72841dac3b8ea28040d2a8fad7c954e9c5e	i.redd.it	17	4.0	0.95	1	0	0	dglkxx.jpg
d2dw4w	each meeting room in this seattle high rise is named after a famous scientistinventor	https://preview.redd.it/aucldwykttl31.jpg?width=320&crop=smart&auto=webp&s=ea8d89992661b72284380526c6915065ec81cb56	i.redd.it	6	0.0	0.81	1	0	0	d2dw4w.jpg
cmw3fuh	check yourself before you shrek yourself	http://i.imgur.com/v09eTjr.jpg		3			0	2	4	cmw3fuh.jpg
ayn37j	older asian women performing a group pose	https://external-preview.redd.it/Kolb2FzAVrTN54OCavGJY8Ms0_Df4goLzTmlyVu0J18.jpg?width=320&crop=smart&auto=webp&s=32162fe7e57a5794dc0f858d84b550e2d9fe3e3f	i.imgur.com	22762	425.0	0.96	1	0	0	ayn37j.jpg
ci2qdb2	dagobah	http://i.imgur.com/4IEqeFJ.jpg		7			0	2	4	ci2qdb2.jpg
c96ytz	the ingredients on this hot sauce bottle zoom meme	https://preview.redd.it/quo48xhzac831.jpg?width=320&crop=smart&auto=webp&s=d8e47bd263e47b31f9ce18025e7dd9bcaed28a2a	i.redd.it	8	1.0	0.75	1	0	0	c96ytz.jpg
bpkysw	the concrete where my hairdresser repeatedly walks is slowly wearing down	https://preview.redd.it/382re96qboy21.jpg?width=320&crop=smart&auto=webp&s=2300097acd18fb01fe7a6a9c3df03c090f444db6	i.redd.it	26	8.0	0.79	1	0	0	bpkysw.jpg
5vvn1m	donald trump says he is totally in favour of wonderful eu	https://external-preview.redd.it/R2Jl9-x5Qa1DoUv_mt0WtnzzdV5EUNdINNIxyE4eLK0.jpg?width=320&crop=smart&auto=webp&s=62d7479829359c3bf0b90527b9495fb6bfe52551	independent.co.uk	4	2.0	0.84	1	0	0	5vvn1m.jpg
c94nt6e	bugger off	http://i.imgur.com/Wbb8cC4.jpg		1778			0	2	4	c94nt6e.jpg
asc1xb	this dog with snow on head	https://external-preview.redd.it/0wKU9Ek6xbrXHj1ECtF5grkNw3gNyVB17ok-uuF5VbY.jpg?width=320&crop=smart&auto=webp&s=b72f5316475d29ef63a17cf3bc47f8df4a49398b	i.imgur.com	44	11.0	0.88	1	0	0	asc1xb.jpg
7vneg9	old brick post office the secret of contentment	https://preview.redd.it/2epdnhlxjle01.jpg?width=320&crop=smart&auto=webp&s=4e20ed5cd0913e6f6685b528783d6461ed2413fa	i.redd.it	8	0.0	0.99	0	2	1	7vneg9.jpg
ck80mxp	yeeeaaaaa	http://i.imgur.com/yHFWe43.jpg		3			0	2	4	ck80mxp.jpg
c19sdt	dont be overburdened plan your family family planning association of hong kong fpahk	https://preview.redd.it/dcshcbc6yp431.jpg?width=320&crop=smart&auto=webp&s=a367200cdeeec481701abf2a426f8169499bf4a8	i.redd.it	64	3.0	0.96	0	1	5	c19sdt.jpg
bg6d36	cleaning out horse stalls i found a birds nest made of horse hair it had fallen out of a nearby tree	https://preview.redd.it/yze7f29wbvt21.jpg?width=320&crop=smart&auto=webp&s=b143f6370ff78ecb81493285fd4f88b4fa00d7a1	i.redd.it	311	10.0	0.97	1	0	0	bg6d36.jpg
dmsgkv0	does this amuse you human	https://i.imgur.com/fqxat9S.jpg		1			0	2	4	dmsgkv0.jpg
npov0	oleg shuplyak	https://external-preview.redd.it/KQ3etqb_oWT2vVqNXsSASoKotvaTjYRu1h8u_9e70cI.jpg?width=320&crop=smart&auto=webp&s=604e22da720b3038851cf1611a13a4909b47e52c	huffingtonpost.com	10	0.0	0.86	0	2	2	npov0.jpg
cg16rfj	a musical genius	http://i.imgur.com/bdlXI4O.jpg		3			0	2	4	cg16rfj.jpg
6tcyyo	yeah sit on my face	https://preview.redd.it/plw2wbi2effz.jpg?width=320&crop=smart&auto=webp&s=641f5fdde4f0665eeabfb0ac91cdd44986bca721	i.redd.it	10	1.0	1.0	0	2	2	6tcyyo.jpg
cxch8k	national union of mineworkers south wales uk when they close a pit they kill a community	https://preview.redd.it/g5fwju04sij31.jpg?width=320&crop=smart&auto=webp&s=d9d97d223b712f4a436b2dd10fc8951bfbebc260	i.redd.it	65	8.0	0.93	0	1	5	cxch8k.jpg
c4jpdmg	this guy doesnt need any help	http://i.imgur.com/N9yI3.jpg		52			0	2	4	c4jpdmg.jpg
8idpqx	i took a picture of my roommate and the waiter looks like he has a really long arm	https://preview.redd.it/zb77dp062zw01.jpg?width=320&crop=smart&auto=webp&s=b851b9a80863287d194bf65f9bb9f76899254cf5	i.redd.it	162	8.0	0.97	0	2	2	8idpqx.jpg
6n30ye	suprise buttsex	https://external-preview.redd.it/bmlYPxAzH5nAHdxTH8y8qifvE1J0rx06Pc6yNCR47qg.jpg?width=320&crop=smart&auto=webp&s=0499dc017eca622dfffb00941f37020f19f8e072	i.imgur.com	10	0.0	0.78	0	2	2	6n30ye.jpg
c66qhfq	tap tap tap	http://i.imgur.com/eV9bX.jpg		67			0	2	4	c66qhfq.jpg
2dgsu3	this kid looks so tired	https://external-preview.redd.it/omgju2yHStDke9Vewr10MuUeLRaaAt2Rx8a1wKZGvqE.jpg?width=320&crop=smart&auto=webp&s=ca3e3d49d99e4e1d368e0b9f44c84774133b5399	i.imgur.com	16	1.0	0.73	1	0	0	2dgsu3.jpg
yva8c	from raww wtf all around	https://external-preview.redd.it/UvS4PsVj6vixTDU4Yc1_YDUMG8JFqQJwPKEwUeUsM04.jpg?width=320&crop=smart&auto=webp&s=1b92a9a9f746ba40da6f96cb018e720d74292e67	imgur.com	5	2.0	0.72	1	0	0	yva8c.jpg
11njc3	glenn beck launches own jean line in boycott of socialist levis	https://external-preview.redd.it/733nqJbHu4X8EuS0vK8Sjq_WdhU_BWQfXUamgOb8MzY.jpg?width=216&crop=smart&auto=webp&s=d759767b62219351214fca047d590db0f1298184	gma.yahoo.com	8	0.0	1.0	1	0	0	11njc3.jpg
dizxo5	the usacanada border marked by the pole in my cousins backyard	https://preview.redd.it/1281m4yfi0t31.png?width=320&crop=smart&auto=webp&s=75848dfd8ada7dfef5d96221ca48aea2b06828ea	i.redd.it	9241	719.0	0.98	1	0	0	dizxo5.jpg
8k5tc8	carls attempts to tip over the house michael is preparing to grill her own new toiletbased fetish the cleveland cumshot	https://external-preview.redd.it/Ike7WVwYRtQ7T4asCsudR2QCNcJoFRnBAfQktqbIrHk.gif?width=320&crop=smart&format=png8&s=4e4638608106244fc7991a0d3dcae42b726b9078	media.giphy.com	5087	30.0	0.95	0	2	3	8k5tc8.jpg
c43nzl	communist reality communist promise south korea korean war	https://external-preview.redd.it/4Yli-u7R9Y32n6KzCjY_OwkkKRR5pgaRb3biWiyxkHc.jpg?width=320&crop=smart&auto=webp&s=1dc070b431d2a622ee1bc5d8885d8a060392378f	imgur.com	97	4.0	0.95	0	1	5	c43nzl.jpg
9ceaiq	orbweaver catches butterfly	https://external-preview.redd.it/Kel0EJ4DEuB5IxVuycK1xda2gjVCvgMUqWRtD2prSuw.jpg?width=320&crop=smart&auto=webp&s=c0790ce737e89b7e8d695bfe983fc2e451acfc42	i.imgur.com	10	6.0	0.79	1	0	0	9ceaiq.jpg
1x3hhf	study confirms that men stare at womens breasts	https://external-preview.redd.it/aUWKn9RYUMsHKaYTPlRVQOHU6inFvyn9N9M0uEALzYA.jpg?width=320&crop=smart&auto=webp&s=11bf04d163bfbcc77510e0371a82247c0b0c5e3f	guardianlv.com	328	25.0	0.94	1	0	0	1x3hhf.jpg
cf3nvct	someone didnt get to play	http://i.imgur.com/QqgC0aC.jpg		1064			0	2	4	cf3nvct.jpg
700dwi	why does dolly parton always wear long sleeves	https://external-preview.redd.it/FUQYbH92hUUaXCQoy7XlxfEVH-efilnwLJTPLhl1cZE.jpg?width=216&crop=smart&auto=webp&s=8f01e412e3fae763bca97ccf16e1236ac8932f0f	unvis.it	83	6.0	0.99	0	2	5	700dwi.jpg
cdkrd6f	caterpillar	http://i.imgur.com/HECDaoJ.jpg		5			0	2	4	cdkrd6f.jpg
7p9737	ancient pyramid	https://external-preview.redd.it/tSl3SJaZgWVYy4-1NyKhdrTqdFu6koCpWZAtUMfcvfg.jpg?width=320&crop=smart&auto=webp&s=a765c170484e9172468483896c0d4c2ed98d6478	i.imgur.com	7	0.0	0.61	0	2	2	7p9737.jpg
bs79w1	these yogurts look really	https://preview.redd.it/ynsmi579k0031.jpg?width=320&crop=smart&auto=webp&s=25b75cb67a7baed1b52d1c51fd780d41477320ba	i.redd.it	7	3.0	0.82	0	2	2	bs79w1.jpg
7l05aj	it took hours but this tipperary farmer has outdone himself with christmas display	https://external-preview.redd.it/p1hSWlfqQDnlHPmbLbA9nISbVJSY905o26eXrN7wYxw.jpg?width=320&crop=smart&auto=webp&s=2adbd253a4ebeebc596f8ac754da07c4017145d3	independent.ie	18	2.0	0.83	1	0	0	7l05aj.jpg
2yill4	entire town learns sign language to surprise hearingimpaired man	https://external-preview.redd.it/0A6cdJKUI3JjL3AFoj89K8ouY9wMT-jah7KyrQfPQio.jpg?width=320&crop=smart&auto=webp&s=3dab339a0ae0fb953e2115fedd528ce0cea0bf13	fox8.com	78	14.0	0.94	1	0	0	2yill4.jpg
cc23isg	something about the way his hand was positioned got to me	http://i.imgur.com/3RUR0K3.jpg		3			0	2	4	cc23isg.jpg
chz6lc	demi lovato circa	https://preview.redd.it/h3f50rx3blc31.jpg?width=320&crop=smart&auto=webp&s=66a4c8e95ae6e15e493f64f64817533f4d218775	i.redd.it	10369	37.0	0.97	0	2	2	chz6lc.jpg
bottwe	the size of this donut	https://preview.redd.it/7h7z487d9by21.jpg?width=320&crop=smart&auto=webp&s=7b43d4b6900552754dd553d3eddd2598a3f4dbc5	i.redd.it	14	17.0	0.9	1	0	0	bottwe.jpg
d8dn1op	live from new yorkits caturday night live	http://i.imgur.com/xzOMHxY.jpg		2			0	2	4	d8dn1op.jpg
asg90o	who knew paper could get splinters	https://preview.redd.it/qb5h4c8oolh21.jpg?width=320&crop=smart&auto=webp&s=f1f57b9e9227e2324659c73f5f659d1a21f925e7	i.redd.it	16	3.0	1.0	1	0	0	asg90o.jpg
bfc54h	this huge pockemon ball	https://preview.redd.it/7ljhk83i7ft21.jpg?width=320&crop=smart&auto=webp&s=1b582a93dc0a849bccc7a573e8cc1431e42cc863	i.redd.it	12	4.0	0.77	1	0	0	bfc54h.jpg
dbv0dul	month old baby with pretty hair	http://i.imgur.com/k8GZKCx.jpg		2			0	2	4	dbv0dul.jpg
divhxw	ass flops	https://preview.redd.it/ydv9ujxdtys31.jpg?width=320&crop=smart&auto=webp&s=edeb880dd8a7692d42f940b33b738006c3eadb26	i.redd.it	180	3.0	0.94	0	2	2	divhxw.jpg
cevd4ns	bow before my might bitches	http://i.imgur.com/GxEjMD1.jpg		2			0	2	4	cevd4ns.jpg
9k544i	kanye and lil pump dressed as water bottles	https://preview.redd.it/iik123mckcp11.jpg?width=320&crop=smart&auto=webp&s=9e1b05531d46ec6a34efa528c2702a0009c24ecf	i.redd.it	223	24.0	0.86	1	0	0	9k544i.jpg
c6ivz4m	meanwhile in a parallel universe	http://i.imgur.com/sGIt3.jpg		14			0	2	4	c6ivz4m.jpg
8rtdyd	my kayak looks like its slightly happy to see me	https://external-preview.redd.it/cSSOHDAw_8uYQ6VFrtQ4IywLJPZA59jBV9lTIBNYRDk.jpg?width=320&crop=smart&auto=webp&s=74f4aa1e3e3eb1353da015522fb0676a4222f67e	imgur.com	4	0.0	0.84	0	2	2	8rtdyd.jpg
brygec	alabama historians say the last known slave ship to us has been found	https://external-preview.redd.it/SrsotuzUnljDnXK9V6jHheP7jQtKzy_ITJB8qiONCjY.jpg?width=320&crop=smart&auto=webp&s=0540b0b43506661a19d5b002713c738de6751daf	npr.org	12	1.0	0.94	1	0	0	brygec.jpg
cl7a8r	i found ronald reagean at aw	https://preview.redd.it/dmniweinn2e31.jpg?width=320&crop=smart&auto=webp&s=86a999918def0b3387092ed14d27f45310fbfc5b	i.redd.it	4	0.0	0.83	1	0	0	cl7a8r.jpg
d1liw9	chads and minecraft veterans launch the initial attack on area colourized	https://preview.redd.it/9imwxu15ohl31.png?width=320&crop=smart&auto=webp&s=6e6fe8a116deb8994b43e287b6b92035dac34d2d	i.redd.it	7	1.0	0.77	0	2	2	d1liw9.jpg
crd0jk4	yes who is he	http://i.imgur.com/qmdPH9t.jpg		363			0	2	4	crd0jk4.jpg
calei39	other discussions	http://i.imgur.com/eX8dit9%2ejpg		3			0	2	4	calei39.jpg
cdzgqus	other discussions	http://i.imgur.com/HIRo4Wt%2ejpg		1			0	2	4	cdzgqus.jpg
cgazwps	sneaky	http://i.imgur.com/Xihjhsw.jpg		32			0	2	4	cgazwps.jpg
c5lo40	this elevator that gave up on good manners	https://preview.redd.it/a8td0wm7xm631.jpg?width=320&crop=smart&auto=webp&s=db6448519b52673c9b07bb78d1ed9a2e6cd268fd	i.redd.it	41	3.0	0.98	1	0	0	c5lo40.jpg
ax2hnr	simo hayha responds to the ussr declaring war on finland circa	https://preview.redd.it/gnb4vk16v0k21.png?width=320&crop=smart&auto=webp&s=dd451cac63304a013bdba5d5705f30996a923c5d	i.redd.it	25	2.0	0.95	0	2	2	ax2hnr.jpg
ce22b0q	other discussions	http://i.imgur.com/LFMASte%2ejpg		1			0	2	4	ce22b0q.jpg
2wnya1	grand central station during ww	https://external-preview.redd.it/8uwjg_jbAlXGJiil8SKAcQYxeotTGlOEn-O9YJVwLqc.jpg?width=320&crop=smart&auto=webp&s=b60d2d7a86d14a334c695a6747686ff3d08aa52c	i.imgur.com	421	22.0	0.98	0	1	5	2wnya1.jpg
8dz602	this is so sad berlin	https://preview.redd.it/9xshb5dd8ct01.png?width=320&crop=smart&auto=webp&s=7bdfdafb276371eeb9fabd7e73de3da86655f2f8	i.redd.it	59	2.0	0.9	0	2	2	8dz602.jpg
dmn5u26	upgrades	http://i.imgur.com/K2ikdkj.jpg		26			0	2	4	dmn5u26.jpg
1vqh2o	airline passenger falls asleep with finger on slash key	https://external-preview.redd.it/UW0V_jI57jRsc0K_nu2uNSlbW0eZ_bzPzk1fWTxvQ-o.jpg?width=320&crop=smart&auto=webp&s=59ee8c02b60fbbdb7187b946a961c9ebbf5b8704	foxnews.com	5	2.0	0.62	1	0	0	1vqh2o.jpg
3fo30d	a day dreaming cyclist	https://external-preview.redd.it/-ijswBXawYEMfe5mY3uzIIz2TgPOj41y0bDr2HGqcj4.jpg?width=320&crop=smart&auto=webp&s=9ebc60496e41e133c262af9aac34cab575993a2c	i.imgur.com	3	1.0	1.0	1	0	0	3fo30d.jpg
ccyqwse	heisenberg	http://i.imgur.com/rarwkKD.jpg		1			0	2	4	ccyqwse.jpg
2fvpt6	cat starting to jump	https://external-preview.redd.it/zr58W2CiPX6XDMq1avAfeT94pK2jAWxgvf7T79axgU4.jpg?width=320&crop=smart&auto=webp&s=1ab03e1cc8236cdf6bd3c4c4af7738612733a30f	i.imgur.com	10	5.0	0.82	1	0	0	2fvpt6.jpg
84fg6q	giant spider living in electrical box	https://preview.redd.it/kg4obgn0qrl01.jpg?width=320&crop=smart&auto=webp&s=4530526e17ec390316e058cc64aab4b0491af561	i.redd.it	6	1.0	0.8	0	2	2	84fg6q.jpg
damqvi	found an old bill with red letters	https://preview.redd.it/j8qjx2kytep31.jpg?width=320&crop=smart&auto=webp&s=a6c473314072b037e9bfc141457711bf8c1f0f6a	i.redd.it	15	9.0	1.0	1	0	0	damqvi.jpg
bul3xo	my cactus flower bloomed today and it looks like it has another flower in the center	https://preview.redd.it/l0j17emn68131.jpg?width=320&crop=smart&auto=webp&s=c3c473fb1ae76945dcb96319823e5b16d9a79ac5	i.redd.it	25	0.0	0.96	1	0	0	bul3xo.jpg
17yvs1	dawn french and johnny depp in the vicar of dibley special	https://external-preview.redd.it/7djuvxQzKTR96iqpV4cQzZUdy-a9xtEtEyznJ_PWgB0.jpg?width=320&crop=smart&auto=webp&s=5d29fdc184fce284a78272f993efa314fc7e391b	imgur.com	2	0.0	0.58	1	0	0	17yvs1.jpg
czf4ck	my trucks odometer spelled out something	https://preview.redd.it/bgl2p68vshk31.jpg?width=320&crop=smart&auto=webp&s=0e7e9ff9bb830c2e8eb05339c41890ae7d7ce252	i.redd.it	9	15.0	0.74	1	0	0	czf4ck.jpg
c5ykqj2	him	http://media.tumblr.com/tumblr_m94v56cGO31rs17ny.jpg		19			0	2	4	c5ykqj2.jpg
cjhykbr	but we simply deny them that	http://i.imgur.com/1ywEZUY.jpg		59			0	2	4	cjhykbr.jpg
4akp2y	al qaedaaffiliated militants summarily executed syrian soldiers after seizing a military contractor in honduras	https://external-preview.redd.it/dMZ8aZkfkX4ZklUujn5otdxy9ZQ8wsMkZR6g0bCs0G0.jpg?width=320&crop=smart&auto=webp&s=15f59e1c724bad8d706c342c294820ea92cb1dcb	nbcnews.com	27	20.0	0.97	0	2	3	4akp2y.jpg
bbhgbi	google maps river thames london uk	https://external-preview.redd.it/x6cvoVdl6aumzxp2bowXgiynvXsBehE65cX2Wf01ZXs.jpg?width=320&crop=smart&auto=webp&s=62d46521eb06652dc1770caa9ec721595753280f	i.imgur.com	6566	21.0	0.97	0	2	2	bbhgbi.jpg
cd6gdq7	corn dog vending doll	http://i.imgur.com/Ioe3H3o.jpg		9			0	2	4	cd6gdq7.jpg
b1c35s	salem witch trials ad	https://preview.redd.it/upumk7c0o8m21.jpg?width=320&crop=smart&auto=webp&s=a7078c396a50c5a3e9390e2f74bb6be4140f5e7a	i.redd.it	62	3.0	0.94	0	2	2	b1c35s.jpg
efavb5p	windows restored	https://i.imgur.com/KyQNEhj.jpg		6			0	2	4	efavb5p.jpg
8cdktf	trump treasure a mustsee	https://preview.redd.it/4b6l8x7zr0s01.jpg?width=320&crop=smart&auto=webp&s=36aa03812367d6d66409ebab5c22cfd328e14ccd	i.redd.it	14	3.0	0.77	0	2	2	8cdktf.jpg
77p7jo	soldier killed by landmine on dday	https://external-preview.redd.it/HWqiNl_2Q40kW5_e_5wY1stQNzVp81S1vfP-_IsYF6c.png?width=216&crop=smart&format=pjpg&auto=webp&s=e3ca13f3e9f217055caa47b038ed565688556183	v.redd.it	5055	46.0	0.96	0	2	2	77p7jo.jpg
asnstb	putin says honest businesses should not live in fear	https://external-preview.redd.it/pTAFFzLoJgU-8INVUKG-NOPCyN06HtP8pJyEyCth5p0.jpg?width=320&crop=smart&auto=webp&s=c1005a8d91a70c46dafb428306f9bc08634c507a	ft.com	11	5.0	0.71	1	0	0	asnstb.jpg
b4u7jd	warehouse shelves	https://preview.redd.it/1smgg8ur41o21.jpg?width=320&crop=smart&auto=webp&s=2ecaf332b5d56eba96a34dde1ac567e818c06b93	i.redd.it	8	7.0	0.55	0	2	2	b4u7jd.jpg
78j15p	this picture of mc ride in a cafe	https://preview.redd.it/0obnzsy4kutz.png?width=320&crop=smart&auto=webp&s=9582e7936d6ebf1e9b906875d91cc3cc6875c080	i.redd.it	2	2.0	0.59	1	0	0	78j15p.jpg
dtvt0qj	the new latest hit	https://i.imgur.com/Be7Ksqc.jpg		1			0	2	4	dtvt0qj.jpg
cd5sxgm	these two	http://i.imgur.com/vu3m23g.jpg		3			0	2	4	cd5sxgm.jpg
cxqsdl	this bathrooms toilet	https://preview.redd.it/nr262r9z7pj31.jpg?width=320&crop=smart&auto=webp&s=78bc6789d82e155227819dd6a4eaa718d33cea32	i.redd.it	4	4.0	0.75	1	0	0	cxqsdl.jpg
4p5rv3	a satirical guide to gym stereotypes	https://external-preview.redd.it/vgR3dz6fYZRCYD4mQaLggL_-Fngx6BncwJhvXx6pTd4.jpg?width=320&crop=smart&auto=webp&s=f99d7dda5c31e1c457947ca18c56c982dfaf5a21	youtube.com	2	0.0	0.75	0	2	1	4p5rv3.jpg
8yknir	the first good photo of the moon ive taken	https://preview.redd.it/ske1hyt0cq911.jpg?width=320&crop=smart&auto=webp&s=48c07c050d035f94a4bb363646074bdd01f787d5	i.redd.it	4	0.0	0.61	0	2	2	8yknir.jpg
avxlzf	shocking statistic the average american is ingesting more than pounds of spiders right this second	https://external-preview.redd.it/bMqQCvj_UZgUxyzcaZiDCHGoz7pfhdR3TNH90XM-QdE.jpg?width=320&crop=smart&auto=webp&s=0c2e2217819b43472ef4cb3c66a6cde50993285f	clickhole.com	45	2.0	0.93	0	2	1	avxlzf.jpg
c8zgwz8	with one small addition	http://i.imgur.com/gidFKaU.jpg		4			0	2	4	c8zgwz8.jpg
cr5g6y5	merkel stawp	http://i.imgur.com/XIBydIw.jpg		6			0	2	4	cr5g6y5.jpg
24w074	stapler face is over looked i feel	https://external-preview.redd.it/OepXsJvAwohy51aZfPB0lDV9L2ud2XiZ2M5qZaA4wys.jpg?width=320&crop=smart&auto=webp&s=1815b3b3515dba605a6ff76614c5b5e988bae530	i.imgur.com	8	2.0	0.91	0	2	2	24w074.jpg
1v1e07	starfish on the run	https://external-preview.redd.it/Sne0grSGbw6G37RkC-GKKZAcY-mpbMIEg67kkbWAmYo.jpg?width=320&crop=smart&auto=webp&s=b8fcf048c8c45d382f90fb9387e0099b12390256	i.imgur.com	38	7.0	0.88	1	0	0	1v1e07.jpg
ceg63hv	other discussions	http://i.imgur.com/LVmbAUx%2ejpg		-1			0	2	4	ceg63hv.jpg
ct046db	freeze like that	http://i.imgur.com/cxe3pIo.jpg		3			0	2	4	ct046db.jpg
d9tl04n	the picture that president barack obama used in his hilarious final white house correspondents dinner speech speech	http://i.imgur.com/UGOOQ9k.jpg		2			0	2	4	d9tl04n.jpg
d15tix	this dog catching a treat	https://preview.redd.it/xn081g7xfal31.jpg?width=320&crop=smart&auto=webp&s=ebfc0a6f165ea81cac287951443995f9529987b8	i.redd.it	8	1.0	0.75	1	0	0	d15tix.jpg
bgi3zq	after mueller report twitter bots pushed russiagate hoax narrative	https://external-preview.redd.it/GkzmQk2rNUipJVolu69OE4TqVo0__3G9gC9wswZr8qk.jpg?width=320&crop=smart&auto=webp&s=927fa66b933540969e2c9bcfd87ab6ad5f7ba1cb	nbcnews.com	26	1.0	0.74	1	0	0	bgi3zq.jpg
5q493j	life explorers who saw the americas before columbus but turned back because of a dog barking along the shore	https://external-preview.redd.it/v6_R2Xw7gO94c_9BFV0oH1M-htx1ojaB5iPcb7oQH-A.jpg?width=320&crop=smart&auto=webp&s=e609af433d37b7c21d904d7a80d5a5cf24be1d35	clickhole.com	5	0.0	0.86	0	2	1	5q493j.jpg
c4p5yu	for the defence of the empire engage france	https://preview.redd.it/71syozkmgb631.jpg?width=320&crop=smart&auto=webp&s=8631cf7b06ea0bc4d33280840d00ef7a348e5116	i.redd.it	50	4.0	0.97	0	1	5	c4p5yu.jpg
c72sq4b	lets turn it up a notch shall we	http://imgur.com/kIVuX.jpg		134			0	2	4	c72sq4b.jpg
272sd8	found this guy chillin outside of my work lighter for scale	https://external-preview.redd.it/Y8EnLWfdgXRa9Dt3iy_GdcEExSaqGzEnROnRkYERYCw.jpg?width=320&crop=smart&auto=webp&s=2c54977321ebd55e88f8e3d00bd537720d95905f	imgur.com	5	1.0	0.73	1	0	0	272sd8.jpg
cnlslw	this beer i tried last night	https://preview.redd.it/dhqgyemt88f31.jpg?width=320&crop=smart&auto=webp&s=a66a8b1a8d2b00fb809b7fb4cc492d59aacf4684	i.redd.it	43	7.0	0.79	1	0	0	cnlslw.jpg
2xaluc	over people have signed a petition to lift a ban on a high fiving lollipop man	https://external-preview.redd.it/AgajXEdCf38WBQ-CJGWOrxwgTxmyWfLoJUMlZSimN1w.jpg?width=320&crop=smart&auto=webp&s=96b02347dd3a6872d33c21790c9e94c42a426901	glasgow.stv.tv	2	2.0	0.75	1	0	0	2xaluc.jpg
c8tgja3	the biplane	http://i.imgur.com/Hg11tHK.jpg		488			0	2	4	c8tgja3.jpg
clu241r	man was i late for something	http://i.imgur.com/aVvHNGu.jpg		1			0	2	4	clu241r.jpg
c9i1p5b	classic	http://i.imgur.com/8qAlgp3.jpg		13			0	2	4	c9i1p5b.jpg
2rk1x3	liam neeson helpfully informs american parents that taken is fiction	https://external-preview.redd.it/rLCpdMArWcg5x_viLfyktwoWOvUVECNGy5l6hLd2zW4.jpg?width=320&crop=smart&auto=webp&s=0b1d0fd83a4a755292d73c57a038d2515f997486	avclub.com	71	6.0	0.91	1	0	0	2rk1x3.jpg
c0v792	my old tablet i had a couple years ago i just found it today and when i went on it i saw this	https://preview.redd.it/pxtxwc4weh431.jpg?width=320&crop=smart&auto=webp&s=226f24bab63489dfb997bf797f438a302f4ee155	i.redd.it	10	8.0	0.7	1	0	0	c0v792.jpg
ai07x4	i was timing something and managed to land on exactly seconds	https://preview.redd.it/pjddbn458mb21.png?width=320&crop=smart&auto=webp&s=2de8264d99842e3572d3f9534c6169f4b1bdd7ad	i.redd.it	4	4.0	0.6	1	0	0	ai07x4.jpg
ct4m2r	the mount for this light there are three more just like it lined around the building	https://preview.redd.it/5fwf2mpcnnh31.jpg?width=320&crop=smart&auto=webp&s=b86bfa87ccf8bb3e1eb733c9df0a161859bbd3c0	i.redd.it	7	0.0	0.9	1	0	0	ct4m2r.jpg
2b3160	this cooler is shocked	https://external-preview.redd.it/nR-BCnXsyt-SFSIuvW94umbpa9cLf15PzlGFL4ZMbNQ.jpg?width=320&crop=smart&auto=webp&s=664172f47d9bb649b8469574090258ed79a8c917	i.imgur.com	6	0.0	0.87	0	2	2	2b3160.jpg
bvjuif	stalin with officer nikolai yezhov	https://preview.redd.it/q0dy8r2tcq131.jpg?width=320&crop=smart&auto=webp&s=15a615a4f30c4ab4a1421bbc94cf5bb97a61414d	i.redd.it	9	4.0	1.0	1	0	0	bvjuif.jpg
2irx00	found a beaver at work today	https://external-preview.redd.it/R4CmErVdszL53_kraKf5J7dmD19gederf9owY13FEj4.jpg?width=320&crop=smart&auto=webp&s=57be3d1f602bce7572b14843e7341412a451dfbd	i.imgur.com	3	1.0	0.6	0	2	2	2irx00.jpg
2ivxph	happy farm	https://external-preview.redd.it/wJ0Dy0S-LTM7ndQToOKSain4uxKri0NK7vcWyLJ31Ys.jpg?width=320&crop=smart&auto=webp&s=a73feafb776cf48e49b3d22b276bd1545fdee616	i.imgur.com	2	0.0	0.76	0	2	2	2ivxph.jpg
d75w8f	this truck got a boo boo	https://preview.redd.it/bk4ty610ivn31.jpg?width=320&crop=smart&auto=webp&s=82f5e77ca090c910c1d51584b808c6eb1553a9bd	i.redd.it	7	0.0	0.71	1	0	0	d75w8f.jpg
ddojy5v	there were boobs outside of the window	http://i.imgur.com/ITAWoOK.jpg		97			0	2	4	ddojy5v.jpg
7otyi6	hitlers youth making one last stand against the russian invasion of berlin	https://preview.redd.it/j0ohanrt3q801.png?width=320&crop=smart&auto=webp&s=a32d8f66fbe3ca2fd95d0bab03a1dbdf03469053	i.redd.it	238	3.0	0.98	0	2	2	7otyi6.jpg
6892ko	how cynthia erivo is one oscar away from an egot after winning her first emmy	https://external-preview.redd.it/G0NkZB6AIF08hBfgsg6OBvb704ORCUOma4w2QHNUsB8.jpg?width=320&crop=smart&auto=webp&s=beddf4dc54b64328c9d654909a4c39b07f66aaf7	archive.is	44	2.0	0.91	0	2	5	6892ko.jpg
3xd77i	natalie dormer hiding behind a branch	https://external-preview.redd.it/uPpSsUnTtioYlMfNZncofYEKpktCepiLELuc-fH2zWA.jpg?width=320&crop=smart&auto=webp&s=539b3fa6110df1a63d6c2cccb86f758a758174fe	i.imgur.com	7	5.0	0.82	1	0	0	3xd77i.jpg
cp7dqef	call of duty hardscope	http://i.imgur.com/P6xN7IV.jpg		30			0	2	4	cp7dqef.jpg
bp6krz	air freshiner package with a step instruction manual on how to open it sorry for the glare	https://preview.redd.it/lsscthza9hy21.jpg?width=320&crop=smart&auto=webp&s=e32f752963500a043d7e9569e78521a9ba207958	i.redd.it	9	6.0	0.68	1	0	0	bp6krz.jpg
b5cw2h	supreme court rejects foreign companys bid to review mueller subpoena	https://external-preview.redd.it/aYaBuvPMp4BnR8QziqXBs7ai22ZPIyZUNL8MU4oOkfo.jpg?width=320&crop=smart&auto=webp&s=6e79bcc973d74c4420c0db4cd3933623d6c87af7	cnn.com	43	3.0	0.83	1	0	0	b5cw2h.jpg
b7176d	press f to pay for a dog to adopt	https://external-preview.redd.it/mm9FTjUUhojh07f4WZIvn2weL3eJD0h6upqCVlOX_CM.jpg?width=320&crop=smart&auto=webp&s=a9f808cea3cbb9244e4327cf3438beb521835253	i.imgur.com	87	20.0	0.99	0	2	3	b7176d.jpg
cwkddb5	this far side comic	http://i.imgur.com/DtiRarq.jpg		15			0	2	4	cwkddb5.jpg
c5te1ru	youre toast	http://i.imgur.com/kdL2q.jpg		13			0	2	4	c5te1ru.jpg
c7du8ht	mine	http://i.imgur.com/il1hC.jpg		2			0	2	4	c7du8ht.jpg
5uyhlm	our army attacks from sky water and shore and repulsed enemy of siberia lithograph rallying for occupation of the russian far east and showing japanese occupation of khabarovsk during the russian civil war japan	https://external-preview.redd.it/p4E5v6WGWidy6CRUZWKo7rT89HKzSpnUuSLvNXBq2fU.jpg?width=320&crop=smart&auto=webp&s=c5e09f6b28fc73a65695571f3cd25fa3b35c53c8	upload.wikimedia.org	143	4.0	0.97	0	1	5	5uyhlm.jpg
bbh7vg	we have roast beef turkey and wait what is greek meat	https://preview.redd.it/4zmlkag4ucr21.jpg?width=320&crop=smart&auto=webp&s=f3086f10b0a8639c37554b6ce2a85583a0800024	i.redd.it	8	20.0	0.67	1	0	0	bbh7vg.jpg
cd6trt8	golfse course	http://i.imgur.com/jtzUP2Z.jpg		72			0	2	4	cd6trt8.jpg
ci9be5	albino snail i found after the rain	https://preview.redd.it/eq2ebll82qc31.jpg?width=320&crop=smart&auto=webp&s=f5a2d14123056304a1703ff09d126a212146866a	i.redd.it	9	1.0	0.86	1	0	0	ci9be5.jpg
dghmgn	construction of the parthenon started bc	https://preview.redd.it/z5ss77hfvxr31.png?width=320&crop=smart&auto=webp&s=035e40a46887368f10029abe9a14537cafcdb2a9	i.redd.it	4459	25.0	0.99	0	2	2	dghmgn.jpg
chwgp91	the greatest goalkeeper of all	http://i.imgur.com/B0KoUeA.jpg		5			0	2	4	chwgp91.jpg
956fb8	my toilet is plotting its revenge	https://preview.redd.it/x1gbhef76ke11.jpg?width=320&crop=smart&auto=webp&s=ec08e4915c19ada89b3f628f3252cf0f4c45454f	i.redd.it	2	0.0	1.0	0	2	2	956fb8.jpg
c6jgrp	bikes piling up in china	https://preview.redd.it/38msujno93731.jpg?width=320&crop=smart&auto=webp&s=cb6986036d3b9fa3142ab75c0def80cb8dc70b76	i.redd.it	23	10.0	0.85	1	0	0	c6jgrp.jpg
4ydmz3	look at this beautiful cityscape at sunset	https://external-preview.redd.it/2c9kKZ1v6bL9u7EHBJz3Ivv1VWD_-8wz4hDE_pjY-Hg.jpg?width=320&crop=smart&auto=webp&s=888dbeaa60108113e06b7eb46b3c53b74902e554	youtube.com	8	2.0	0.75	0	2	2	4ydmz3.jpg
43kwfm	a girl and her elephant	https://external-preview.redd.it/vvDgfRtjgO5Q4IlzYtPp-vZ-wL3TCPQp1oBJCGO7478.jpg?width=320&crop=smart&auto=webp&s=9a118b8fec1644c3edd51a26811278e8bb235e72	i.imgur.com	2437	130.0	0.91	1	0	0	43kwfm.jpg
cgmj4wy	cutouts	http://i.imgur.com/MbmMSXR%2ejpg		2			0	2	4	cgmj4wy.jpg
7wyn9t	this log at the zoo in front of the lion exhibit has a gnarl that looks like a lion	https://preview.redd.it/a7vrfc8gypf01.jpg?width=320&crop=smart&auto=webp&s=4d52f3558708937a2c30c648489f0fe1e7a0f192	i.redd.it	3	0.0	0.8	0	2	2	7wyn9t.jpg
ar38d6	for anyone curious about the front	https://preview.redd.it/acilvy95rtg21.jpg?width=320&crop=smart&auto=webp&s=d9fe3fd94a8e8171b0d71ccf9a5b9c70cacd9df1	i.redd.it	11	5.0	1.0	1	0	0	ar38d6.jpg
92acqc	brave farmer with stolen american guns in vietnam	https://external-preview.redd.it/Vzp3dEjhpys7VHlL1dJYW95najDgzODxJbK0Hcd0rs0.jpg?width=320&crop=smart&auto=webp&s=0a2a55d26e4f223eb4688b53abedaa3c351564a5	imgur.com	202	12.0	0.98	0	2	2	92acqc.jpg
5wcgwe	two fresh carrots	https://preview.redd.it/r5ud6talp9iy.jpg?width=320&crop=smart&auto=webp&s=bde309c1488e462ea3abba6c3e629216b015345e	i.redd.it	18	2.0	0.87	1	0	0	5wcgwe.jpg
1u0y70	elgin and winter garden theatre toronto	https://external-preview.redd.it/sQ_ItYc6jPsiSoM_cq5fiy_tiRoiYeQMuEcSh4r1pEo.jpg?width=320&crop=smart&auto=webp&s=957ad2b523c06387989b8b22e21881366f7fa66b	flickr.com	14	1.0	0.94	1	0	0	1u0y70.jpg
bkkc5d	this construction working walking around on stilts instead of a ladder	https://preview.redd.it/hp2p9q86n6w21.jpg?width=320&crop=smart&auto=webp&s=ce39424c95b1748deb909be0e3f331673f5c1202	i.redd.it	8	4.0	0.72	1	0	0	bkkc5d.jpg
c8g00fg	voldemort version	http://i.imgur.com/cFGBZpH.jpg		17			0	2	4	c8g00fg.jpg
2xiws0	classic hacksaw jim duggan	https://external-preview.redd.it/tElr-UK_RvCTnZlAk6sEP5sMs5JcX0PtO0NuTA8__bQ.jpg?width=320&crop=smart&auto=webp&s=ba613d69e1aa577276bd5cfd74e921dbfb33d994	imgur.com	11	2.0	0.87	1	0	0	2xiws0.jpg
5c9a55	president obama meets with presidentelect trump	https://external-preview.redd.it/EtGdQESklTGuFOZ8-dKFb0TRoSKzMbkgkbva84faPUM.jpg?width=320&crop=smart&auto=webp&s=ab25af7f704585dbff3a60862fee9b89336feac1	i.reddituploads.com	8	11.0	0.71	1	0	0	5c9a55.jpg
dlni2k	big yellow leaf	https://preview.redd.it/3ztior70f5u31.jpg?width=320&crop=smart&auto=webp&s=306b85e3a199ac6f2c633397317fcc4d6a727e27	i.redd.it	10	2.0	0.73	1	0	0	dlni2k.jpg
1ndx4z	ive got a feeling theyre watching me	https://external-preview.redd.it/ZFiUcjJQwKdTbANc2UJM8BG-7xVA6i3UGnLRm_w1fr0.jpg?width=320&crop=smart&auto=webp&s=99ff46db6dc7e0215aa810f53057d30e66d228fb	popgadget.net	5	0.0	0.86	0	2	2	1ndx4z.jpg
cbrnr5	army life is great adventure education good pay s us recruitment poster	https://preview.redd.it/f1puno6fyl931.jpg?width=320&crop=smart&auto=webp&s=2b8ec76dd044222a7393c59340fe8d63e379e03d	i.redd.it	81	5.0	0.99	0	1	5	cbrnr5.jpg
cw4yzfj	do or do not there is no try	http://i.imgur.com/lOoFrHJ.jpg		3			0	2	4	cw4yzfj.jpg
cun4rp7	oh sheeet	http://i.imgur.com/0h4PSTl.jpg		24			0	2	4	cun4rp7.jpg
6staar	look at that ass	https://preview.redd.it/3q7zst3fwwez.jpg?width=320&crop=smart&auto=webp&s=dd74f4fc8ca0cf24517a52d0a72ce97ff156b887	i.redd.it	2480	61.0	0.9	0	2	2	6staar.jpg
10sqdb	bridge monster is pleased	https://external-preview.redd.it/vvsYpqvnE9mM2hPkukUtiGeqjXsrXJqlTps8fMe4o7k.jpg?width=320&crop=smart&auto=webp&s=55929607a1f411bea1076c4eeff81b0e20a6b4a7	imgur.com	8	0.0	1.0	0	2	2	10sqdb.jpg
cho9jgp	friday cat edition	http://i.imgur.com/WEswsTI.jpg		18			0	2	4	cho9jgp.jpg
cjxe3fl	mom thats gross	http://i.imgur.com/yO7ezUh.jpg		93			0	2	4	cjxe3fl.jpg
5drx1e	old rusty pole	https://external-preview.redd.it/O7pkvU27ECqwvNS4FiiKrML-V-5ngrtKeUPLHbiCEH4.jpg?width=320&crop=smart&auto=webp&s=18715d5bc34a2bf979fa68c331ea3ebad26b08b6	i.imgur.com	27	9.0	0.85	0	2	2	5drx1e.jpg
ay3q4y	for a moment i really	https://preview.redd.it/qpuln9nk9kk21.jpg?width=320&crop=smart&auto=webp&s=35cc146861c699fe5e779674b44b3e203ac437f3	i.redd.it	24	1.0	0.91	0	2	2	ay3q4y.jpg
dg8ytsl	sniper qe	http://i.imgur.com/agQxaJR.jpg		10			0	2	4	dg8ytsl.jpg
d1q3ye	hot pringles	https://preview.redd.it/rb9l1g4u8kl31.jpg?width=320&crop=smart&auto=webp&s=9942fcd3fe38e2bbd1df2cd1a970e1862e480125	i.redd.it	3249	62.0	0.93	0	2	2	d1q3ye.jpg
69lcai	wyoming becomes th us state to recognize the armenian genocide	https://external-preview.redd.it/phyUlNtLKPIu2zswAMPoWN4gxp5aD9j0PvlbjgyDWb8.jpg?width=320&crop=smart&auto=webp&s=afb695e5677a93e1d9a19e1dc426bbf50150dcfc	armenianweekly.com	22	3.0	0.9	1	0	0	69lcai.jpg
car3n6	rare ted bundy and charles manson pictured during an undocumented failed escape during an interstate prison outing scheme	https://preview.redd.it/2ugwcaq3c5931.jpg?width=320&crop=smart&auto=webp&s=8e325e36f4f31bff78ca78ea1ce3b2db5660710e	i.redd.it	21	7.0	0.94	0	2	2	car3n6.jpg
6k12r9	houseguest just going to lie there until rest of house wakes up	https://external-preview.redd.it/cDXh0VmwmuX9YjoSzwV9JeHO6rGjkTYWl5m7r5qAGKo.jpg?width=320&crop=smart&auto=webp&s=07814855c697ec2f23a61f1cb027161b8849bdb6	theonion.com	366	8.0	0.97	0	2	1	6k12r9.jpg
cy2c2zi	having lunch	http://i.imgur.com/z7If1sR.jpg		7			0	2	4	cy2c2zi.jpg
7cvd9h	this depressed high chair is contemplating life	https://preview.redd.it/bsdt4qbctxxz.jpg?width=320&crop=smart&auto=webp&s=0396f90445159d928be54ea6f92214aae70a3a26	i.redd.it	8	0.0	0.79	0	2	2	7cvd9h.jpg
cb8i9f7	but shes already wet	http://i.imgur.com/EHhejxg.jpg		37			0	2	4	cb8i9f7.jpg
cpa5jf	the soviet building i am currently demolishing uses small pieces of cable to make cable holders	https://preview.redd.it/jwbjv6t1ozf31.jpg?width=320&crop=smart&auto=webp&s=743ea5b66273230cd2e06bb333678372d4507a47	i.redd.it	29	4.0	0.87	1	0	0	cpa5jf.jpg
djtmawm	one day with paris	http://i.imgur.com/x30z4He.jpg		2			0	2	4	djtmawm.jpg
8hs4pn	pz commander executes unfaithful solider colorised	https://preview.redd.it/tlwi4h0rsiw01.jpg?width=320&crop=smart&auto=webp&s=6901ef95cf32aa6cc5a94fa94a0715564a970106	i.redd.it	8	0.0	0.84	0	2	2	8hs4pn.jpg
4nb3yt	after nine years sending prayers to jerusalem charlie crists paperwork is missing this hurricane season	https://external-preview.redd.it/HjwhDk_c5rtSAplgj7MeBBCpu1jazBdiXr_Nq9Fr6Eo.jpg?width=320&crop=smart&auto=webp&s=592bd0bffdd4cbab76f6ac416e41189512ad3519	tampabay.com	1	2.0	0.56	1	0	0	4nb3yt.jpg
axroup	the veining in this marble looks like a person	https://preview.redd.it/eea9mlufvdk21.jpg?width=320&crop=smart&auto=webp&s=2e6b9c111aa88445cdbbc4b64633ece5021492ad	i.redd.it	10	3.0	0.92	1	0	0	axroup.jpg
dlm9da	my coworker has a pair of chopsticks that have drumstick tips	https://external-preview.redd.it/TQwK0AEggdsHQmIpsfcL0tlOpRfH6doUnPdLFgr5Mfk.jpg?width=320&crop=smart&auto=webp&s=62197290d14f327aefe3a41dc6983da4029d2b8a	i.imgur.com	56	10.0	0.88	1	0	0	dlm9da.jpg
cepaia	beach in galveston texas	https://preview.redd.it/j5qcphtwk0b31.jpg?width=320&crop=smart&auto=webp&s=00579e5e5646666fc62fd89ee665c7b8f6f78d0e	i.redd.it	209	11.0	0.94	1	0	0	cepaia.jpg
4yj9yt	a happy fan	https://external-preview.redd.it/QNm8DQ5_SyFMA38PA7DhY3pe1VDYCBFwox5agYD14a0.jpg?width=320&crop=smart&auto=webp&s=b6dc731b7ddcf5c6f380b4f014ae7900bf705999	i.reddituploads.com	2	0.0	0.76	0	2	2	4yj9yt.jpg
deixnh	this giant praying mantis on the side of my work building	https://preview.redd.it/oqx86xqd74r31.jpg?width=320&crop=smart&auto=webp&s=affd9605149bf9ebb0a8d29c1f6c8849edefa755	i.redd.it	22	3.0	0.89	1	0	0	deixnh.jpg
f2zpyrs	httpsiimgurcomwztnzljpg	https://i.imgur.com/wzTNzL2.jpg](https://i.imgur.com/wzTNzL2.jpg		6			0	2	4	f2zpyrs.jpg
3z0upq	thats why i buy victory bonds	https://external-preview.redd.it/8zbKeNtJrye2dyciqAmNiVIzrfZgo1uaJPQr3oXq1lk.jpg?width=216&crop=smart&auto=webp&s=ed2701938b564c39be6c5649519783e46a087759	s-media-cache-ak0.pinimg.com	285	42.0	0.96	0	1	5	3z0upq.jpg
895o2s	reposting a picture of jupiter also looks like a normal cat wouldnt do	https://preview.redd.it/7e2el3ksux1z.gif?width=216&crop=smart&format=png8&s=616980c2c355f93028569e563bc797808549e854	i.redd.it	2	37.0	1.0	0	2	3	895o2s.jpg
62kvyn	this is the joyous moment ellie is told shes finally going to disneyworld thanks to make a wish	https://external-preview.redd.it/n3OegcpONmGdOVxACPcO5tt5_Q9dP77k7RQmNm3bLp8.jpg?width=320&crop=smart&auto=webp&s=0e4c3f88b2f6fee0cc47993ce5ac45b39fec3bb9	independent.ie	61	0.0	0.84	1	0	0	62kvyn.jpg
dry32zi	battle empty streets	https://i.imgur.com/SY5DpZL.jpg		23			0	2	4	dry32zi.jpg
164jzj	brave mom donates her brain surgery money to an yearold who also needs brain surgery	https://external-preview.redd.it/1SFtliVPVYC3T2OmOwpCgOkiI_wXKNWc5IH8Yj1_f5Y.jpg?width=320&crop=smart&auto=webp&s=b040e141645831113fd38ed85bf6e0c974f6a2b8	illawarramercury.com.au	232	17.0	0.94	1	0	0	164jzj.jpg
9ixlgf	japanese kamikaze pilot during morning commute	https://preview.redd.it/x2nflfrg7ho11.png?width=320&crop=smart&auto=webp&s=5adb02aa0cf68d89e2b93eaa1d1f4a3f02ca91d8	i.redd.it	20	1.0	0.96	0	2	2	9ixlgf.jpg
b50rlp	an accidental tribute	https://preview.redd.it/niccw32oh4o21.jpg?width=320&crop=smart&auto=webp&s=c972d4281aaa3b2afa390a3652a7f0f2cfbdc2ef	i.redd.it	223	20.0	0.94	1	0	0	b50rlp.jpg
8vypvk	harry kane tweaking his nipples	https://preview.redd.it/ekpfxv4ixu711.jpg?width=320&crop=smart&auto=webp&s=ab6272a4fc52dad0eacf5d6764a526cf142824ea	i.redd.it	30	5.0	0.75	1	0	0	8vypvk.jpg
atqzac	nazi experiments victims in the middle of a test	https://preview.redd.it/6nsj1fqvp8i21.png?width=320&crop=smart&auto=webp&s=a9fa2a509b749d2822a173dd67d8aa3a15161abd	i.redd.it	44	0.0	0.94	0	2	2	atqzac.jpg
bz2c9z	this literal side of sarcasm on my ice cream	https://preview.redd.it/c6esxmuv1l331.jpg?width=320&crop=smart&auto=webp&s=5c02c2db8b34cfcf93204afdce721eea6b77afcf	i.redd.it	72	2.0	0.88	1	0	0	bz2c9z.jpg
dih06uo	my dreaming ends your nightmare begins	http://i.imgur.com/8kZPN7y.jpg		20			0	2	4	dih06uo.jpg
2f0b8t	cookies ommm nooommoomm	https://external-preview.redd.it/9Aji-xx9MQq1eQxCB4Pcv12O0O6EmRTIX4lmFe_CHVc.jpg?width=320&crop=smart&auto=webp&s=9c39ac927f922b7e4f12bae62083ea651b30cdd5	i.imgur.com	51	0.0	0.83	0	2	2	2f0b8t.jpg
29h8bb	bear with tongue sticking out x	https://external-preview.redd.it/2MjzUiiZ29JSBydHPYxg_cQ2XzPy3SADPVTSm2lh3RM.jpg?width=320&crop=smart&auto=webp&s=c502ae51ba2b2d52b29382d8d6efdff715d62b5b	i.imgur.com	5974	445.0	0.91	1	0	0	29h8bb.jpg
3h6fx2	a very smiley car this morning	https://external-preview.redd.it/elgqbtmAqUAcBwHcXTIyZGElwmpzfRGocHugo7RZHwY.jpg?width=320&crop=smart&auto=webp&s=fdae1c65b013b6ec95b86361bee5460b0c5fbf1a	imgur.com	4	0.0	0.75	0	2	2	3h6fx2.jpg
bufk8t	two flavours of ice blast perfectly split down the straw	https://preview.redd.it/wiwvrtlrx5131.jpg?width=320&crop=smart&auto=webp&s=aa7eb76bd8fa637dcab33b5a9e3e3da11699cbe9	i.redd.it	38	7.0	0.77	1	0	0	bufk8t.jpg
7wbat1	execution of marie antoinette	https://preview.redd.it/anrpkm3jh4f01.jpg?width=320&crop=smart&auto=webp&s=91be2ce21e9a03caf59c805e856fd43e25f92fba	i.redd.it	243	7.0	0.98	0	2	2	7wbat1.jpg
8vbrpg	alphonso poems for my dead grandma	https://preview.redd.it/roxwpqvpmd711.jpg?width=320&crop=smart&auto=webp&s=d2b35a9be253d9b74ef16eae080cbad9bd219bb0	i.redd.it	141	6.0	1.0	0	2	1	8vbrpg.jpg
cds22al	back in ol country	http://i.imgur.com/ZYD0C8d.jpg		179			0	2	4	cds22al.jpg
3mgzyq	inmate wanted m damages for letting him escape	https://external-preview.redd.it/8cDOtpzmcGdj9B9mwWW5r4JcnimZwpuMCoIdaZEMWjQ.jpg?width=320&crop=smart&auto=webp&s=8723d0f5ffe960e7c8c104b49182f88b7bde01e0	foxnews.com	88	8.0	0.88	1	0	0	3mgzyq.jpg
cqp0ymc	sound effects	http://i.imgur.com/4TMWKAe.jpg		5			0	2	4	cqp0ymc.jpg
6axu9g	giant monkey climbs on car	https://preview.redd.it/xqzuq6zhs9xy.jpg?width=320&crop=smart&auto=webp&s=e834003da34077e32e87f455ff2bf57e818091fd	i.redd.it	671	15.0	0.91	0	2	2	6axu9g.jpg
bgo6p8	seen in front of the firefighters museum in fort wayne indiana	https://preview.redd.it/g0q01y8314u21.jpg?width=320&crop=smart&auto=webp&s=a8cf900e1172e963ac647d21d5a87aa7797196ed	i.redd.it	9	2.0	0.91	1	0	0	bgo6p8.jpg
c7oo7fg	to battle	http://i.imgur.com/mLWRm.jpg		42			0	2	4	c7oo7fg.jpg
cg3109r	reddit bird is so and late	http://i.imgur.com/hgwuRaf.jpg		3			0	2	4	cg3109r.jpg
bskx67	the fish is watching me	https://preview.redd.it/ka6m907gk7031.jpg?width=320&crop=smart&auto=webp&s=dcabf73fa09e907c754473ca7830b923e98c33aa	i.redd.it	2220	22.0	0.97	0	2	2	bskx67.jpg
baz97z	mitt romney graciously accepts thing he has paid millions of dollars for	https://external-preview.redd.it/ZfITL3hmHd1w-rSfD6rOt5ItrmbQM6IQMa1UGeq76_s.jpg?width=320&crop=smart&auto=webp&s=cd82ff139e5336d51dee23017ae918148287027e	youtu.be	9	0.0	0.92	0	2	1	baz97z.jpg
55yne8	man in critical condition after fight during ravens game men arrested	https://external-preview.redd.it/Fh-Oxm9Eo_K6B8J9gHtIgQLlgs1iv72Wq4a4BuEJrOw.jpg?width=320&crop=smart&auto=webp&s=59f74de9d55812bd754cf1ed2faf9116fd10fae2	foxnews.com	5	0.0	0.86	1	0	0	55yne8.jpg
72jp6k	artist encases pyramids in glass	https://preview.redd.it/we6odhjgl2oz.jpg?width=320&crop=smart&auto=webp&s=378b210abb40f0ef11808118b8294f1d11573604	i.redd.it	24	0.0	0.9	0	2	2	72jp6k.jpg
1r3tqh	extremely photogenic bungee jumper	https://external-preview.redd.it/Z6UNvKyrsBptG8WHgEOXGoQYX79gk29Xl9XRXd8_-WE.jpg?width=320&crop=smart&auto=webp&s=076071dd77a2035f06f411827bcae6053bf693eb	i.imgur.com	1109	102.0	0.87	1	0	0	1r3tqh.jpg
d3d9zrm	boing	http://i.imgur.com/gSy0iLE.jpg		10			0	2	4	d3d9zrm.jpg
8gtach	kroger recalls pounds of ground beef that contain ceo	https://external-preview.redd.it/YbZg8yGTQLwaw8Sdk8NZJtcXghw5UogWUoH3IFN8l94.jpg?width=320&crop=smart&auto=webp&s=236d98f2794a3c4363e7400bbf910b5f94424a2b	theonion.com	60	1.0	0.96	0	2	1	8gtach.jpg
daqhq77	chillin in the spa	http://i.imgur.com/FZ5hrRB.jpg		5			0	2	4	daqhq77.jpg
6fkc45	burn victim	https://preview.redd.it/5cldnygymu1z.jpg?width=320&crop=smart&auto=webp&s=4f2ff2cbf62f4e54a8ccc029839fe0a4acfcb0df	i.redd.it	5	0.0	0.86	0	2	2	6fkc45.jpg
cuo9d8	i was clipping my toenails outside and this ant showed up and immediately took off with my nail clipping	https://preview.redd.it/t1b03e4gebi31.jpg?width=320&crop=smart&auto=webp&s=e5fc92a08feca03b8b3ba4adaf356f647efe9cd7	i.redd.it	811	94.0	0.94	1	0	0	cuo9d8.jpg
d30e6u5	he came in like a wrecking ball	http://i.imgur.com/eAyk1Vi.jpg		3			0	2	4	d30e6u5.jpg
c1blib	shower head made a stripe pattern on her hair	https://external-preview.redd.it/RYUcIjsdMxWde9b-ZIpDMjDBhg2Jk2kFxgABT9ruoGg.jpg?width=320&crop=smart&auto=webp&s=9f35b106718cce7cf7ab8084b398ef7f20c52c58	i.imgur.com	4	2.0	0.58	1	0	0	c1blib.jpg
2ggva7	my son on patrol	https://external-preview.redd.it/ntVZPm1HwHMJUmWxSaZCY5-x_Qp-hcCCMH4V-gl_IP0.jpg?width=320&crop=smart&auto=webp&s=a3404989c83f9b43705f9eb665448922b49dbb67	imgur.com	4	2.0	0.7	1	0	0	2ggva7.jpg
cxuxlq6	arson trevor noah	http://i.imgur.com/p6UYnrs.jpg		2			0	2	4	cxuxlq6.jpg
cfnym2f	didnt think he would be here	http://i.imgur.com/7spWgIf.jpg		6			0	2	4	cfnym2f.jpg
9iuxfn	a week ago we had the hornets sprayed with poison so it came as a surprise to find this on my welcome mat	https://preview.redd.it/iypvqjaalfo11.jpg?width=320&crop=smart&auto=webp&s=52de9cda22b86414291e2ecd48c462cdc03aa27a	i.redd.it	1	1.0	0.55	1	0	0	9iuxfn.jpg
c8c80bp	biker babe	http://i.imgur.com/7vZLfV5.jpg		16			0	2	4	c8c80bp.jpg
dfh6df	koala with a fishing rod	https://external-preview.redd.it/t8lBLNGQi4KeBotq4VcdBOLCiw5nHA-N5unC5ny8KIk.jpg?width=320&crop=smart&auto=webp&s=c411f1f732784a760340b26da559f6a5f93db7c5	i.imgur.com	19	1.0	0.79	0	2	2	dfh6df.jpg
2rvgd4	excited dog chasing a bird	https://external-preview.redd.it/PJOpRA5w5m_CzNwquEOe2LovbUzv85sMned9SGQRLGo.jpg?width=320&crop=smart&auto=webp&s=cfced1e628d0c1b315541f54f8b56fc0d3545f28	i.imgur.com	3	3.0	0.67	1	0	0	2rvgd4.jpg
2njl3r	metal pinocchio has seen some shit	https://external-preview.redd.it/64eSu-NkqhdbfSJ4Lur9ek9dUMeSyRlruIzZepqAZ6w.jpg?width=320&crop=smart&auto=webp&s=650b5712d06e4c8967a727837fa8916587f2441e	i.imgur.com	7	0.0	0.82	0	2	2	2njl3r.jpg
dwu8ig1	gotta go fast	https://imgur.com/qX1r9sN.jpg		9			0	2	4	dwu8ig1.jpg
cd1gfu3	the adventures of mermaidarnie and barnacle boy	http://i.imgur.com/LzIAUdG.jpg		30			0	2	4	cd1gfu3.jpg
c7vtat1	did i do that	http://i.imgur.com/oWVrG.jpg		67			0	2	4	c7vtat1.jpg
cnmhenn	bark obama	http://i.imgur.com/VJsRWjf.jpg		2			0	2	4	cnmhenn.jpg
d8k7uy	this tiny onion i found	https://preview.redd.it/3dish8ez4io31.jpg?width=320&crop=smart&auto=webp&s=dfae695532cc5a2fe7a39d6d4af06c25ccc48874	i.redd.it	6	1.0	0.69	1	0	0	d8k7uy.jpg
bfewct	a curious car crash in finland	https://external-preview.redd.it/p8aT2NAr4ljomJj0ON5OWytKycRj4dUU0URhSxAdP8c.jpg?width=320&crop=smart&auto=webp&s=084578e9b97af060af6689805afde62de2dce1b0	imgur.com	18	3.0	0.82	1	0	0	bfewct.jpg
bl2857	shark popping out of the water	https://preview.redd.it/5347etf2y3w21.jpg?width=320&crop=smart&auto=webp&s=0a45b67cd113c91e93e1ac18c7d2799546d3d796	i.redd.it	7	0.0	1.0	0	2	2	bl2857.jpg
cqvhrfv	what the fuck joe i thought we were cool	http://i.imgur.com/wEG8S1D.jpg		86			0	2	4	cqvhrfv.jpg
8o5mjo	this cardboard shelf at a store is sharing my mood	https://preview.redd.it/di5s6oyl7p111.jpg?width=320&crop=smart&auto=webp&s=218e0bd151965a067676a924ecdb9f0aa88cfe02	i.redd.it	4	0.0	1.0	0	2	2	8o5mjo.jpg
180sfo	puppy running into wind	https://external-preview.redd.it/OI4JMwi-C8actyvvfCkC6jUz202HZVVr8fEgwPADfj0.jpg?width=320&crop=smart&auto=webp&s=7701980c1c3e801577e7fdb964b25cc5971a6cd3	i.imgur.com	13	7.0	0.9	1	0	0	180sfo.jpg
deefli	the vending machine is in a cage at the park i guess someone must have broken into it before	https://preview.redd.it/qubsbxs2o1r31.jpg?width=320&crop=smart&auto=webp&s=061dfd986c0a6ca1a34ce4d1435aa65c3b738464	i.redd.it	28	13.0	1.0	1	0	0	deefli.jpg
5zd6zt	the nations favourite movie soundtrack has been revealed and its not what you expect	https://external-preview.redd.it/WwOqCWhLP3BBYtY3WTGIgY9lVM6nz6vPhPXcJIEzSIQ.jpg?width=320&crop=smart&auto=webp&s=38c380428e2a143f9a0cedb10311caa956c226cd	web.archive.org	57	6.0	0.93	0	2	5	5zd6zt.jpg
cbcdvv0	other discussions	http://i.imgur.com/sEqzj00%2ejpg		4			0	2	4	cbcdvv0.jpg
3z0lnr	diavik diamond mine northwest territories canada	https://external-preview.redd.it/bJDzvPvnNpUKrAjSRJpPaT8xdqOLbbDTNnQg0S5EktI.jpg?width=320&crop=smart&auto=webp&s=02e8731ac001576930d52e140e9e8ebd172f98db	i.imgur.com	69	2.0	0.93	1	0	0	3z0lnr.jpg
c5ir3vt	juvenile	http://i.imgur.com/F0MxG.jpg		13			0	2	4	c5ir3vt.jpg
74cptm	mango grove sense of identity	https://preview.redd.it/1csmdk9nxwpz.png?width=320&crop=smart&auto=webp&s=09f6427e78f2157a24f6d9782473aa6b0b5f10e5	i.redd.it	6	1.0	0.88	0	2	1	74cptm.jpg
awd2b4	africanamerican evading slavery with his albino africanamerican friend while being chased and shot at by an overseer	https://preview.redd.it/8bj7tzkafmj21.png?width=320&crop=smart&auto=webp&s=93f22d75c7e53c5b4aba857033e3eac276207c54	i.redd.it	25	0.0	1.0	0	2	2	awd2b4.jpg
3b3gej	apple removes all american civil war games from the app store because of the confederate flag	https://external-preview.redd.it/Z-IYGUcf2fwN14Fw4ZV9PQGSLG9qqz_MrbNfQD8kQZk.jpg?width=320&crop=smart&auto=webp&s=1b09aec0475566f351770b56a2109b6dff3fc9e1	toucharcade.com	11701	4897.0	0.88	1	0	0	3b3gej.jpg
as0lyo	my fish taco has a fishy in it	https://preview.redd.it/gsq2ls6bjdh21.jpg?width=320&crop=smart&auto=webp&s=dcee26d14acfcf4ab3be15d13b894cdd461b8685	i.redd.it	3	6.0	0.67	0	2	2	as0lyo.jpg
7vgwph	american airlines announces it will no longer try to match seatmates by interests	https://external-preview.redd.it/K5C-PxtM2FD4rQoiU1tP9RO-owiM_paawp1e5BR0Ivw.jpg?width=320&crop=smart&auto=webp&s=d9c50ab1c8376086908811405be9b45764a763c3	theonion.com	48	2.0	0.91	0	2	1	7vgwph.jpg
1fo5iy	the tree is not happy with the floods	https://external-preview.redd.it/spzmbyIY20V1djF-kmmsZKxOsO7EqdD1Sjq206q81A4.jpg?width=320&crop=smart&auto=webp&s=00226face3dc7c5943a54e174768d2ff09a0ff2a	i.imgur.com	15	0.0	0.86	0	2	2	1fo5iy.jpg
ci90vhu	cutouts	http://i.imgur.com/JtktWwu%2ejpg		1			0	2	4	ci90vhu.jpg
dshaxic	nightmare	https://i.imgur.com/9yFUOph.jpg		4			0	2	4	dshaxic.jpg
ugqtv	homeless woman snatches baby from stroller tries to eat its arm	https://external-preview.redd.it/8iVzG_8tSIjMiRMK5o4ZpvMQnlDW42fgN4srQutrWTY.jpg?width=320&crop=smart&auto=webp&s=2dc5117c99d8bb022c1a77a494658ef4f30b9c14	theblaze.com	40	8.0	0.85	1	0	0	ugqtv.jpg
4szpkc	penny hardaway was an nba megastar but you cant imagine what hes doing now	https://external-preview.redd.it/RGISYZUB2TQntyqHXHjbFuBYUNJMShx8f9WLDqGUv6g.jpg?width=320&crop=smart&auto=webp&s=a732c8f23f69f9943bedeeb6253ae9606d999bad	thebigupside.com	44	4.0	0.82	0	2	5	4szpkc.jpg
bbxvwa	bike wrapped in rope rotterdam	https://preview.redd.it/ny9jb5phvlr21.jpg?width=320&crop=smart&auto=webp&s=fa56e2338d8f024801185394e3bcfac900999c39	i.redd.it	8	0.0	0.9	1	0	0	bbxvwa.jpg
8et4pf	us district judge john bates trump decision to end daca virtually unexplained and unlawful	https://external-preview.redd.it/924LGd-_lMuFvFNUY1Yb23Ilwv0XHtjbUT28eJJ25f8.jpg?width=320&crop=smart&auto=webp&s=44b7f083c4892d7321773b11246cc97a26cd30fa	washingtonpost.com	23	6.0	0.78	1	0	0	8et4pf.jpg
ck7zy8a	cat dog	http://i.imgur.com/WeLU3QI.jpg		2			0	2	4	ck7zy8a.jpg
d0sofv3	in tune with nature	http://i.imgur.com/24PQS4J.jpg		1			0	2	4	d0sofv3.jpg
crznjr	this happy clam i found while walking on the beach	https://preview.redd.it/5q9ef0sdq6h31.jpg?width=320&crop=smart&auto=webp&s=c581061b73e9f58a5ed9c69a1920a62ff58392f8	i.redd.it	41	2.0	0.9	0	2	2	crznjr.jpg
873bk4	i swore two sinister robot drivers were about to run me down	https://preview.redd.it/n0qh8za3vyn01.jpg?width=320&crop=smart&auto=webp&s=787fe3799aa07f4cae9764c4e0d3cd0c0afd8994	i.redd.it	50	1.0	0.93	0	2	2	873bk4.jpg
81trih	years ago today my family got our first pet its been ruff at times but im glad we made it this far heres a picture with him left during his first birthday party	https://external-preview.redd.it/uBayWd9BAjPa6UzeyQzdjifHcoHoTYlOVWJQUbmxsms.jpg?width=320&crop=smart&auto=webp&s=ec8b095e56c6f7d444e06d2d98907e11b2e7eec3	imgur.com	23	0.0	0.73	0	2	2	81trih.jpg
dcpofo	green ella how to become a g	https://preview.redd.it/zj8kklh9cbq31.jpg?width=320&crop=smart&auto=webp&s=2f9f89e30f2ac458d199675af1dd7e250c873252	i.redd.it	29	5.0	0.9	0	2	1	dcpofo.jpg
cavbhco	other discussions	http://i.imgur.com/jIjOdpx%2ejpg		1			0	2	4	cavbhco.jpg
1vhvdj	cat evades dog	https://external-preview.redd.it/pWvyzaJV3DptTX09gG8eB-R-g8UTujUqM4JzPnNVAGQ.jpg?width=320&crop=smart&auto=webp&s=fd1e3761b21763d2bfb2754d202b67201c895548	i.imgur.com	9	3.0	0.81	1	0	0	1vhvdj.jpg
23b93t	shirtless channing tatum wants to be shirtless gambit in xmen franchise	https://external-preview.redd.it/3HR9yGSbIGDKcs-n95-ZLckVj9B86ShdCbUCOyIthgE.jpg?width=320&crop=smart&auto=webp&s=094895a72d9f19a9250f0a6ddc9f75c7e2d7a078	theouthousers.com	4	0.0	0.67	1	0	0	23b93t.jpg
bt6lt7	my friend sent me a picture of a pretzel sticks package that looks like a broken gaming mouse	https://preview.redd.it/6js6p3sjdj031.jpg?width=320&crop=smart&auto=webp&s=715469a13cf1e25c9d505a956440c07edec16066	i.redd.it	43	10.0	0.86	0	2	2	bt6lt7.jpg
38kx5v	dont recycle us recycling is for chumps	https://external-preview.redd.it/vyuEzyWgDsCeBrWW0bugT87EKzZXZC_4xkwzXV-RHRU.jpg?width=320&crop=smart&auto=webp&s=add6bffee8dc73dc7ea9a31b2dc53a79d6017af9	imgur.com	2	0.0	0.67	0	2	2	38kx5v.jpg
b95i15	this roll of new bubble wrap	https://external-preview.redd.it/Lqy9Ln9d3aXvdIyBljJksDXrvINeGJYQOmmd5uP2iLY.jpg?width=320&crop=smart&auto=webp&s=7c2790c24f5130c785a86782fb326ff235a90291	imgur.com	5	2.0	0.78	1	0	0	b95i15.jpg
atary8	door freezing on the inside from keyhole	https://external-preview.redd.it/r25-1Z5UO2vaBcjvSrxhBnpk10qeZv7x3vN07YR-GYY.gif?width=320&crop=smart&format=png8&s=110fd7aaa8a8b6b947a40505b1a178a58fd87f08	i.imgur.com	8	0.0	0.79	0	2	2	atary8.jpg
c76d9h	someone said this looked like lionel richie	https://preview.redd.it/84l1s12vud731.jpg?width=320&crop=smart&auto=webp&s=445c8e6a3920df6a26e84948eb5e2a74154fea1a	i.redd.it	7	0.0	0.9	0	2	2	c76d9h.jpg
5py5gj	le reve the dream french solders on the front dreaming about past glory by edouard detaille france	https://preview.redd.it/wpqo0v48mpby.jpg?width=320&crop=smart&auto=webp&s=c455d6c52995d53c64c94eafd82bdedc8e11559b	i.redd.it	96	5.0	0.99	0	1	5	5py5gj.jpg
7n8am0	california city official is gunned down while vacationing in mexico	https://external-preview.redd.it/uEs_wSkcDA6zVkzUe3KMDwuj_tGXDzAfi9p6q_wJK2w.jpg?width=216&crop=smart&auto=webp&s=e9bbf7efa858cdfb60c8b0cd521632ce78c04c06	msn.com	5	0.0	0.86	1	0	0	7n8am0.jpg
1p4twe	i was told this would be appreciated	https://external-preview.redd.it/taTGTylq7cyePixsuCu20qtk3y9g8pek1GIXToBRUms.png?width=320&crop=smart&auto=webp&s=e3d42c92b14ac19e13bceae0ddcb5728c33b17dd	i.imgur.com	22	9.0	0.64	1	0	0	1p4twe.jpg
cnd73jq	take out that atat	http://i.imgur.com/6jp87o2.jpg		7			0	2	4	cnd73jq.jpg
7xh8jw	bill bill bill bill my aunt is a deeply holy act to be in here	https://external-preview.redd.it/IlDhnlnxt3MPmdejJjplNGIKyILNmLVrSW_VpE7zzlY.gif?width=320&crop=smart&format=png8&s=cb66fcf5118e1cbc9659548e89b1869d70ff246e	gfycat.com	3407	48.0	0.97	0	2	3	7xh8jw.jpg
c52eln	bloody nails	https://preview.redd.it/xw3vm6dljf631.jpg?width=320&crop=smart&auto=webp&s=11e74d54ea40fffd3b86acbb1990a40dd3975448	i.redd.it	6	0.0	0.75	0	2	2	c52eln.jpg
clms1x	one of our chickens laid a tiny egg today a normal one usually weighs grams	https://preview.redd.it/smqbna9mcae31.jpg?width=320&crop=smart&auto=webp&s=5c7875b2d5506d51059fa6f1e6fce3709e6da6a7	i.redd.it	5	1.0	0.67	1	0	0	clms1x.jpg
7s46sn	mufasa has returned	https://preview.redd.it/msj6b3tnmkb01.jpg?width=320&crop=smart&auto=webp&s=38a0eeee01d931d2e1d6899d4fc4633071e37f0b	i.redd.it	8	0.0	0.9	0	2	2	7s46sn.jpg
cfcxtt2	my mojo	http://i.imgur.com/TswTeoS.jpg		6			0	2	4	cfcxtt2.jpg
4m87mf	hobie cats in varadero cuba	https://external-preview.redd.it/srFtRRNDUPuwPvRixKA8SXdd_PPUpgmOzaimUBsa71E.jpg?width=320&crop=smart&auto=webp&s=73cb856c2b8f533942b80be4851a3405a485e059	i.imgur.com	23	4.0	0.9	1	0	0	4m87mf.jpg
46uzys	what is the worlds most powerful aoe weapon in outside	https://external-preview.redd.it/OfPDxjz_OW_soejR96yXXnTT0Dt8PpOYAWdHOlbCvFA.gif?width=320&crop=smart&format=png8&s=29cc3648b3da296e426e95886a56ef4f2116f0d9	i.imgur.com	1918	21.0	0.94	0	2	3	46uzys.jpg
bfrur2	fire easter bunny	https://preview.redd.it/0qrzduuktnt21.jpg?width=320&crop=smart&auto=webp&s=61b03dff3806e0387fada5ff235b8cdfd5245262	i.redd.it	17	0.0	0.75	1	0	0	bfrur2.jpg
esecg7z	origin of stripes	https://i.imgur.com/eWRjls5.jpg		1052			0	2	4	esecg7z.jpg
ch3z9pf	babys first steps	https://i.imgur.com/FrbKrcd.jpg		10			0	2	4	ch3z9pf.jpg
6hfwd0	lobbyist for russian interests says he attended dinners hosted by sessions	https://external-preview.redd.it/geu-UL8cwVK119EImPlSyErHIxusNY5WU-pDMJ-n6dw.jpg?width=320&crop=smart&auto=webp&s=fd040aed7e3fb8e1f920c361b06ffb4fe0ff97e4	theguardian.com	25	4.0	0.78	1	0	0	6hfwd0.jpg
2q8379	never again a poster printed right after the first world war in	https://external-preview.redd.it/SXsyj5FLStmrtM5A7woJ2m2wygIJ1aiU5EPPFNrmoqk.jpg?width=320&crop=smart&auto=webp&s=917a9389d3ad633de2aa2b0a7e264ab24928922e	i.imgur.com	50	16.0	0.91	0	1	5	2q8379.jpg
d4kkko	the last shiny bag of popcorn all the newer ones arent	https://preview.redd.it/pyo24pp7hrm31.jpg?width=320&crop=smart&auto=webp&s=5c2fb250c2b260ac80536dfd0afa002a9604d3b7	i.redd.it	21	2.0	0.83	1	0	0	d4kkko.jpg
6xy8f5	scorching heat wildfires bake us west over holiday weekend	https://external-preview.redd.it/K9a5X4oJnk8_o2dlWwf24fM0oHFEudF16sF4LLH1RGU.jpg?width=320&crop=smart&auto=webp&s=875f65d95f73dc64b6a510921d3ede7cc8ecd6d2	hosted2.ap.org	3	1.0	0.81	1	0	0	6xy8f5.jpg
b0jgyc	martin luther king jr writing the first official nword pass	https://preview.redd.it/1rqrdufghul21.jpg?width=320&crop=smart&auto=webp&s=c5f9d0f56816a3e5374908618c056d7fe2ed1014	i.redd.it	14405	83.0	0.92	0	2	2	b0jgyc.jpg
5xd5ak	putin shows merkel something	https://external-preview.redd.it/OzpOhZvXPGkCGvs5UwjA2uUIVd2_FHZzEv63C4K_8SY.jpg?width=320&crop=smart&auto=webp&s=d1353762d5a08bec348642ce56ac0e552f7e0c57	media2.intoday.in	2	1.0	0.76	1	0	0	5xd5ak.jpg
1lt9w1	three fbs over a field	https://external-preview.redd.it/7BI0ssOY6FgJ1VVPMmIZIIcYPlmrypQQXbyH5s0nrVQ.jpg?width=320&crop=smart&auto=webp&s=427a7574b216363a339084eefdf8736fef4366c5	i.imgur.com	11	9.0	0.82	1	0	0	1lt9w1.jpg
d3glwha	we might have a flooding accident	http://i.imgur.com/cMpB41D.jpg		4			0	2	4	d3glwha.jpg
brd8cy	chop sticks fork the chork	https://preview.redd.it/7qymgcozmlz21.jpg?width=320&crop=smart&auto=webp&s=4cd50ec343d70ad438c02d5461cf56b800f29695	i.redd.it	63	8.0	0.92	1	0	0	brd8cy.jpg
91s6og	maybe i can impress her with my holy grail quotes	https://external-preview.redd.it/oqzTOpjcmG7sAdx_AeT7xGY0cz9KSw5iQYwjcoALNfs.jpg?width=320&crop=smart&auto=webp&s=5cb6e28fffb996777bec4df0338aac58a27aaa18	theonion.com	605	21.0	0.96	0	2	1	91s6og.jpg
8bk35s	mrw the download button on top and bottom text starts showing up on my phone i click through individual unread messages on reddit for something i dared him to	https://preview.redd.it/2i5mtqogzwp01.gif?width=320&crop=smart&format=png8&s=7cc2db8dd0f139383b1db95a0af4501e1ea84f79	i.redd.it	8	20.0	0.9	0	2	3	8bk35s.jpg
b68gyw	this threatening yet effective safety message	https://preview.redd.it/sgroxewippo21.jpg?width=320&crop=smart&auto=webp&s=2b0205ad400449b9acd3aacedff1fe2aeb78b122	i.redd.it	248	18.0	0.96	1	0	0	b68gyw.jpg
bkqhk9	these do not disturb signs	https://preview.redd.it/wbg5pn7oq9w21.jpg?width=320&crop=smart&auto=webp&s=ab0f8b758a3f2199acf6a7419913f4a5b81533bf	i.redd.it	40	4.0	0.86	1	0	0	bkqhk9.jpg
7xb98y	pennsylvania governor rejects republicandrawn congressional map	https://external-preview.redd.it/Vf29McP-d7qVHXJLj_plouKUmYaTU6DjiWVJOgBwXlA.jpg?width=320&crop=smart&auto=webp&s=749a0152ff5f8eb84dc99dc8230826848f13b61c	usnews.com	171	9.0	0.95	1	0	0	7xb98y.jpg
cj3ccg	brits won the war of	https://preview.redd.it/kpo0rdyts4d31.jpg?width=320&crop=smart&auto=webp&s=4bccb4fb69fa2be6af730fbcae9f73640b5f6ac9	i.redd.it	87	3.0	0.96	0	2	2	cj3ccg.jpg
96y8jq	lee harvey oswald is shot by jack ruby while being escorted out of jail	https://preview.redd.it/g03ix37x2vf11.jpg?width=320&crop=smart&auto=webp&s=b499b3caebfdab9a53c8aaefab175f57c459ddd5	i.redd.it	10	0.0	0.86	0	2	2	96y8jq.jpg
53foe1	this little girl was following her cat and thats when she discovered a huge secret	https://external-preview.redd.it/KplRWVqgm60FTEeST1lpuG8Er_N8gXyE3vkl9LW3Kgg.jpg?width=320&crop=smart&auto=webp&s=3bdebfc8db6b42921a4ebf316a8cc5a4c424fa37	i.imgur.com	3146	37.0	0.96	0	2	5	53foe1.jpg
cspa1h	bubble gum alley in san luis obispo california	https://preview.redd.it/65kf3cw0phh31.jpg?width=320&crop=smart&auto=webp&s=1f75a4c02af570c2e60e23fd490276d071dffbb4	i.redd.it	18	11.0	0.85	1	0	0	cspa1h.jpg
cr3v9eh	you know what they say about big hands	http://i.imgur.com/C9XN4XA.jpg		2			0	2	4	cr3v9eh.jpg
atrm7p	diet coke advertises as no sugar no calories while coke zero advertises as sugar calories	https://preview.redd.it/a30uhsta29i21.jpg?width=320&crop=smart&auto=webp&s=3b98e609c031116f92bfe63b6e12841e046d39c1	i.redd.it	24	7.0	0.82	1	0	0	atrm7p.jpg
27zz3l	connecticut governor poses with chocolate milk bottle after vetoing chocolate milk ban for schools	https://external-preview.redd.it/P0LdUptoWDCuz_gafs_C3HoPjo31RRpW4OOdM6BDM7Y.jpg?width=320&crop=smart&auto=webp&s=df6f15af1dc3ca0e0357827e7fb868ab15f1b343	imgur.com	3	1.0	0.81	1	0	0	27zz3l.jpg
937mis	halloween came early for this little fella	https://external-preview.redd.it/5XBOJ42XjnMu0IWQCXej4zBQscvRi6fxlMW3qjslqWU.jpg?width=320&crop=smart&auto=webp&s=181d012244e0665b6aeefc5f5df7246f8747291f	i.imgur.com	5	1.0	0.74	0	2	2	937mis.jpg
cisawxw	cutouts	http://i.imgur.com/pT7vPK0%2ejpg		1			0	2	4	cisawxw.jpg
c4tssq	the door knob on this door is in the middle	https://preview.redd.it/ncwkg23atc631.jpg?width=320&crop=smart&auto=webp&s=365ffbc6f48cac63045a1d81066c8b12ce7ae0ef	i.redd.it	64	17.0	0.93	1	0	0	c4tssq.jpg
da11d2	lets beat vegans	https://preview.redd.it/0wek04gna5p31.jpg?width=320&crop=smart&auto=webp&s=643a47a295300d0c4d6a598507054e809522cdce	i.redd.it	23	9.0	0.78	1	0	0	da11d2.jpg
6tihxp	four gentelmen on the beach	https://preview.redd.it/nhwxoo0a7lfz.jpg?width=320&crop=smart&auto=webp&s=c6cf3ed3879c4f87b3e10e66c6205231ff75ae57	i.redd.it	2	2.0	0.67	1	0	0	6tihxp.jpg
ckaljni	kerry showing obama a picture that clinton sent him	http://i.imgur.com/fopQ62c.jpg		29			0	2	4	ckaljni.jpg
d095dr8	forgot the patch	http://i.imgur.com/6eYohMz.jpg		2			0	2	4	d095dr8.jpg
by9z7a	this baby frog i saved from being crushed	https://preview.redd.it/sgf4iisox5331.jpg?width=320&crop=smart&auto=webp&s=d5fc33cf1b6ed4cd372c7bea65cf19aabe13ff6c	i.redd.it	51	8.0	0.88	1	0	0	by9z7a.jpg
9jdomd	brett kavanaugh men say they had the encounter with christine ford	https://external-preview.redd.it/UiN3QOoyKtHo95z-6xwR-vyTOnvuFOT9TtNJ6twLDyw.jpg?width=320&crop=smart&auto=webp&s=b90e3fba7127b7f04c1ac0b6f676a60b3abadb4a	usatoday.com	33	10.0	0.71	1	0	0	9jdomd.jpg
2z4rmo	myanmar learning society asean	https://external-preview.redd.it/vIO8APOq8wjSo74bW51tHZQkhA8UoI9Dmi-42PZK6FY.jpg?width=320&crop=smart&auto=webp&s=3d33ec4c39dab9d5c354f79eed0b4e628af07e44	i.imgur.com	13	1.0	0.93	0	1	5	2z4rmo.jpg
81gave	delta airlines nra dispute only passengers ever bought tickets	https://external-preview.redd.it/zPshidLSPVNeoBbw-cpP0sRGhWucP0O9uOsDCzO1HUA.jpg?width=320&crop=smart&auto=webp&s=a3b1f8017be4ac2ac76457b065ccb7c2e05aed13	usatoday.com	22	0.0	0.97	1	0	0	81gave.jpg
c79w03e	p	http://tm4t.files.wordpress.com/2012/11/snleli.jpg		1			0	2	4	c79w03e.jpg
4o3ma8	elizabeth warren needs to be neutered gop congressman her response is epic lol	https://external-preview.redd.it/ACftedO4CnP_UneuxpNzcSTvNVCo74Zn0B2tLADFRBc.jpg?width=320&crop=smart&auto=webp&s=e41b507244661d6bf42a0ca1899e3371306bc3d4	dailykos.com	12	3.0	0.7	0	2	5	4o3ma8.jpg
623waq	by lazarus	https://preview.redd.it/5ntwshyij4oy.jpg?width=320&crop=smart&auto=webp&s=e47a1f3b73854d60820ff94d9ae9ad1b5c46da1e	i.redd.it	77	10.0	0.68	0	2	2	623waq.jpg
62ha3d	a pinata lining up with the head of the man hitting it	https://preview.redd.it/hmklsi85fmoy.jpg?width=320&crop=smart&auto=webp&s=dc6b4276cd5c4670dd329a7b5c90e1fcb387304c	i.redd.it	3	4.0	1.0	1	0	0	62ha3d.jpg
9a6ov6	saint olav the holy christianizing norway ca ad	https://preview.redd.it/y7g69df9o8i11.png?width=320&crop=smart&auto=webp&s=c13eccecc3cf9fb95bec1b01ebd4756759086354	i.redd.it	20	2.0	0.95	0	2	2	9a6ov6.jpg
cpdkhl	this is a slide rule calculator that can suprisingly do a lot	https://external-preview.redd.it/ygpCeNAASBoV3Xk9WzHTX9CqEI3xJPoEntC5VdUyd80.jpg?width=320&crop=smart&auto=webp&s=c5d543ae7c085cfeafbc1b28bf2e9a054a6d60a1	i.imgur.com	8	4.0	0.84	1	0	0	cpdkhl.jpg
2zdm1x	i found this guy outside hallgrimskirkja in reykjavik	https://external-preview.redd.it/dMSjNDFneWu0faruTXdgAlKMAkS53GWjhsDwc82s1G8.jpg?width=320&crop=smart&auto=webp&s=74aa3fb7ee7a7b7dfc1a048e984095cda3b05d9f	imgur.com	7	0.0	1.0	0	2	2	2zdm1x.jpg
5qp5rm	mosquito phone	https://external-preview.redd.it/Y4VyXohk1b0AyiwZc7CgKp44m38EolCGL-6L6doUZQU.jpg?width=320&crop=smart&auto=webp&s=732090252d1e8a9c22ddb540e3c64bcb47f35007	imgur.com	2	0.0	0.75	0	2	2	5qp5rm.jpg
2c5mua	this soldier throwing a uav	https://external-preview.redd.it/maawX4Qs3aHWpVhfduMAr1V0pnP6QRuWMkmwOSzmgz8.jpg?width=320&crop=smart&auto=webp&s=8052397a7ea07466959954195050119b5885550e	i.imgur.com	16	13.0	0.89	1	0	0	2c5mua.jpg
cqee8m	this building project has been left for so long that plants has started to grow on the safetynet	https://preview.redd.it/zlt9kwqprgg31.jpg?width=320&crop=smart&auto=webp&s=c894771ca19f36ebf6bd9cb7e4afac5f3bdd9047	i.redd.it	44	0.0	0.98	1	0	0	cqee8m.jpg
chffkb9	drums	http://i.imgur.com/Iuxtt7x.jpg		59			0	2	4	chffkb9.jpg
ej3c9ms	total recall	https://i.imgur.com/wIsHY9A.jpg		9			0	2	4	ej3c9ms.jpg
dz3fydd	a true battle	https://i.imgur.com/1hllTeI.jpg		11			0	2	4	dz3fydd.jpg
clp7u75	cutouts	http://i.imgur.com/COjp60w%2ejpg		1			0	2	4	clp7u75.jpg
dtgxax3	if it bleeds we can kill it	https://i.imgur.com/CHHaOlb.jpg		6			0	2	4	dtgxax3.jpg
52mlm8	you should rethink marrying your boyfriend if this one thing applies to him	https://external-preview.redd.it/zp9X3ILLm-eGYQP36Rb4aC1PB5sKH7gMsOwOGr9_5qo.jpg?width=320&crop=smart&auto=webp&s=55f92082cf22ac19ef1b9003edf6d64b4bd2a7d4	elitedai.ly	50	6.0	0.92	0	2	5	52mlm8.jpg
1vrhdv	the plugs at my grandmas nursing home look as sad and aged as the tenants	https://external-preview.redd.it/rmz5RSs67zIVNDIzaY-0GHSLiPVvIRsOD6eA-O7TM7U.jpg?width=320&crop=smart&auto=webp&s=e58c28109eb1b75eef8f032131a21554fc498d4c	imgur.com	207	8.0	0.92	0	2	2	1vrhdv.jpg
csantwb	justin	http://i.imgur.com/dMb5CX0.jpg		5			0	2	4	csantwb.jpg
clqyz91	lets go deeper	http://i.imgur.com/kS4aMop.jpg		244			0	2	4	clqyz91.jpg
6of6ol	when the anesthesia kicks in and you end up meeting your animal spirit guide at the dentists office	https://external-preview.redd.it/IqtjE_yLDDefFlrdu6rcCSYcbZ-T2zEA5vU6fHhm3Kk.jpg?width=320&crop=smart&auto=webp&s=52ac606c46288444f1b63e09fc61c8d2c5b95fa1	i.imgur.com	32	5.0	0.59	0	2	2	6of6ol.jpg
3iktto	anarchist gardener cultivates weeds to pss off allotment fascists	https://external-preview.redd.it/0kF_8ymfXsX9CuAR9OlR2lMm4NK4WgTuEIYv--ACF78.jpg?width=320&crop=smart&auto=webp&s=e86bfa248092abbac6063d7e5f9f44ec8b9569dd	imgur.com	2	0.0	0.67	0	2	1	3iktto.jpg
atgh5g	the most interesting disabled parking sign found it in dubai	https://preview.redd.it/ljhcbx96v3i21.jpg?width=320&crop=smart&auto=webp&s=470ed83ad663c179a386f9f38b7e7d4c10ce90a5	i.redd.it	13	0.0	0.74	1	0	0	atgh5g.jpg
b6mucs	us submarine arriving in scotland for joint warrior terror sausage status confirmed	https://external-preview.redd.it/iQwn2uCeQDg55tsFJHJ66JsOYaMhPUR4OXb4fXAwCPY.jpg?width=320&crop=smart&auto=webp&s=e6863f3751b79c64947cc666192f5fd1a5b5729d	imgur.com	6	6.0	0.75	1	0	0	b6mucs.jpg
asqts7	this speed limit	https://preview.redd.it/56pzx9d2arh21.jpg?width=320&crop=smart&auto=webp&s=5aeb06220339f42ca99f0ef518c329aabf2b60d5	i.redd.it	13	3.0	0.78	1	0	0	asqts7.jpg
1vhq88	manhattan bridge over the east river	https://external-preview.redd.it/3IlEN3ytCKsdqbr4fLIg5mNC1UxoIou0f3XlfiPZZYM.jpg?width=320&crop=smart&auto=webp&s=c6176e8d95fd3c47291cfc1373760b0108539bb5	flickr.com	8	0.0	0.72	1	0	0	1vhq88.jpg
cnw623k	farcry	http://i.imgur.com/4mRkHxF.jpg		146			0	2	4	cnw623k.jpg
b4r66t	my oreo came with a backwards wafer	https://preview.redd.it/yrl9kmox5zn21.jpg?width=320&crop=smart&auto=webp&s=a4eb34605b1ee7c41ddf007439ba8fc838ad994e	i.redd.it	4	5.0	0.58	1	0	0	b4r66t.jpg
b7y5yo	this tricycle seat has got the yard stare	https://preview.redd.it/r803yfebelp21.jpg?width=320&crop=smart&auto=webp&s=82ddd961cdd3d7c7027452ec8d9928ffd0b6be6e	i.redd.it	8	0.0	1.0	0	2	2	b7y5yo.jpg
c1twiv	boston dynamics is accused of stealing superior russian technology	https://preview.redd.it/ywk1otu5qz431.png?width=320&crop=smart&auto=webp&s=2f742244e87a12a36499d565a3cf408b4c160439	i.redd.it	135	1.0	0.98	0	2	2	c1twiv.jpg
dcnrvmv	wanksy	http://i.imgur.com/qqCdOgk.jpg		256			0	2	4	dcnrvmv.jpg
cetaia	the jeep renegade has a little jeep on the windshield	https://preview.redd.it/zcqgovxip2b31.jpg?width=320&crop=smart&auto=webp&s=ff8c83dc08b31ad47366400a97ce40a1c48349e5	i.redd.it	4	3.0	0.75	1	0	0	cetaia.jpg
92pe2f	photo captures beautiful display of love in franklin	https://external-preview.redd.it/2W-389TdsH7XDR0WjvpaMzUqQThea7VeHxthKtvW6pw.jpg?width=320&crop=smart&auto=webp&s=dbdcd576cddc088b0d1ac8487f91ceaafd720f3a	wkrn.com	14	2.0	0.8	1	0	0	92pe2f.jpg
bk43bl	grow your own medical marijuana bill clears nh senate	https://external-preview.redd.it/Vtc_rvSH7NV1piFrzl1PXjCqssYkzDC3soMcO66XAoQ.jpg?width=320&crop=smart&auto=webp&s=16639ee57f7712c4521fd91f985511f81a602730	nhpr.org	4	0.0	1.0	1	0	0	bk43bl.jpg
cjcg8cu	alls im sayin	http://i.imgur.com/gF2Pyvq.jpg		43			0	2	4	cjcg8cu.jpg
8bmms5	officer who dragged man from plane sues united airlines	https://external-preview.redd.it/2TZnaJRzvo-L3_7lkOtp-adjGasvZRMyMDQOMf43D7k.jpg?width=320&crop=smart&auto=webp&s=f2f00f7c1cddd2f06c661c877ba03e65e8551deb	bbc.co.uk	2	0.0	1.0	1	0	0	8bmms5.jpg
bhc4vv	i question peoples logic	https://preview.redd.it/w5aessr9fgu21.jpg?width=320&crop=smart&auto=webp&s=07121dc475c84b4b0e91c71fe0e9e5562f053269	i.redd.it	9	0.0	0.85	1	0	0	bhc4vv.jpg
5zuqli	wwe star sasha banks why i kept my husband a secret	https://external-preview.redd.it/FUQYbH92hUUaXCQoy7XlxfEVH-efilnwLJTPLhl1cZE.jpg?width=216&crop=smart&auto=webp&s=8f01e412e3fae763bca97ccf16e1236ac8932f0f	unvis.it	53	4.0	0.92	0	2	5	5zuqli.jpg
bp6afi	american highschooler rushes to class to avoid a tardy	https://external-preview.redd.it/61rqE_2oRExgic_1CGNj4LjEZ-n796dbN1EnhNLqQe0.jpg?width=320&crop=smart&auto=webp&s=94925d788decdaa3e36e11cd815702aeef923048	i.imgur.com	24	0.0	0.94	0	2	2	bp6afi.jpg
cy0vx9	i have two different versions of wii sports	https://preview.redd.it/78mxgwvmmuj31.jpg?width=320&crop=smart&auto=webp&s=b3aa86313668ef20487e65c34e06aede5bb886f9	i.redd.it	14	7.0	0.72	1	0	0	cy0vx9.jpg
1dovxk	obama with a lightsaber	https://external-preview.redd.it/NJGBXJDdyL_AE1NW9yoLVHRHJZF5Cw97K8I1Ntchp0k.jpg?width=320&crop=smart&auto=webp&s=5dc9510374a1aa453fc835b2975bc9882bec5862	i.imgur.com	12	3.0	0.75	1	0	0	1dovxk.jpg
2tk4y1	cash with that woman gets bag of money instead of food at new hampshire burger king	https://external-preview.redd.it/-lGxpFDdwOaWbeBogTGxm1rJPsB9oKUx8hpCzNk2s2U.jpg?width=320&crop=smart&auto=webp&s=d631c0cf431ff968c6579536d3dcd51478a2a100	thestar.com	2316	515.0	0.92	1	0	0	2tk4y1.jpg
czp5rfw	im just a bill	http://i.imgur.com/GIiLF76.jpg		175			0	2	4	czp5rfw.jpg
5fsx47	the latest carrier says trump promised improved biz climate	https://external-preview.redd.it/ap2mKTmMTE2HRfEmNGU4cT-jnJoHC1q0vI7k2_9TDyE.jpg?width=216&crop=smart&auto=webp&s=fa4e44b30535782d7ea4d1fe36d87b685fc3b25f	mail.com	9	1.0	1.0	1	0	0	5fsx47.jpg
cwrctb2	with the stock image business in decline harold had to turn to the streets	http://i.imgur.com/OaFQNxn.jpg		70			0	2	4	cwrctb2.jpg
caujfk0	brony alert	http://i.imgur.com/YkfArnu.jpg		2			0	2	4	caujfk0.jpg
1er74l	kid about to hit piano with sledgehammer	https://external-preview.redd.it/LKrknlI7rqn07k04LMEcA5z_g-FkgnhoWL5JsDsf7rI.jpg?width=320&crop=smart&auto=webp&s=bd42ba4af485ea83f8b034b08cebc97b98d8372a	imgur.com	7	7.0	0.74	1	0	0	1er74l.jpg
cdct44n	aaaaaaand hes back	http://imgur.com/2zvwM59.jpg		84			0	2	4	cdct44n.jpg
b262fw	egg boy getting ready for the interview with senator fraser anning	https://preview.redd.it/7x7g2c4z2pm21.jpg?width=320&crop=smart&auto=webp&s=e91239678116e3fa2d11cb7d8026639eed57f9b0	i.redd.it	51	0.0	0.94	0	2	2	b262fw.jpg
2h3ihu	the mop family hanging out with their kid	https://external-preview.redd.it/jVHjdLwcFW7QGqWZJXK0ejyxdw5ZGBw7MLGvJaCl-vE.jpg?width=320&crop=smart&auto=webp&s=aa3869a2a5509ca32adb0f97d8809a1c2cd7d37d	i.imgur.com	10	3.0	0.69	0	2	2	2h3ihu.jpg
5wvjb8	it is most unusual costumes	https://external-preview.redd.it/oq9bbl5BNB__z_u8pgochAuR1KdVbdQnsbaQ220OBr8.jpg?width=320&crop=smart&auto=webp&s=3971ea2760ea2c85a59f00ac620d08cc3164d5de	i.imgur.com	11	3.0	0.92	1	0	0	5wvjb8.jpg
elkntiv	diamond in the rough	https://i.imgur.com/0R9Qmvb.jpg		11			0	2	4	elkntiv.jpg
d5kpajb	roman national convention	http://i.imgur.com/SuQayWJ.jpg		1119			0	2	4	d5kpajb.jpg
3tary1	got front row tickets to the football	https://external-preview.redd.it/4ScHx9Cmlagunb3wyQVXJsddaJ4GbMr5FHRzBjEKxwk.jpg?width=320&crop=smart&auto=webp&s=c350dc663af3e06954046fd97da5dda5b5a7d0d5	imgur.com	590	16.0	0.85	0	2	2	3tary1.jpg
ck8atf8	pretty cute	http://i.imgur.com/0A6QRoV.jpg		2			0	2	4	ck8atf8.jpg
br0uqe	my fortune cookie at lunch today was occupied by a second fortune cookie however only fortune	https://preview.redd.it/33djqi9fefz21.jpg?width=320&crop=smart&auto=webp&s=5f45db313ab9877a9907032b8ae751119c9a3cb5	i.redd.it	1	2.0	0.56	1	0	0	br0uqe.jpg
8ypdrb	megalodon	https://preview.redd.it/nc848llz8s911.jpg?width=320&crop=smart&auto=webp&s=63219fb2e8a116b45db8de9de04f81515135771b	i.redd.it	12	1.0	0.8	0	2	2	8ypdrb.jpg
5hf2cw	obama orders review of russian electionrelated hacking	https://external-preview.redd.it/CVodpxA8JQwUhdQTP8DA1o7ccdBI6qicOM9aUBvJxrw.jpg?width=320&crop=smart&auto=webp&s=0c5182147601feef7c87ae10e9eb73e9aa248c8d	edition.cnn.com	61	3.0	0.93	1	0	0	5hf2cw.jpg
5xy17h	sad trump	https://external-preview.redd.it/dlyA3C0kgwTI2F1K_fW73vojGUtqJYyfDZUJI1XKH30.jpg?width=320&crop=smart&auto=webp&s=0a7f4f00e68d49d531b4b26983d4ec9ff6968099	i.imgur.com	4	7.0	0.61	1	0	0	5xy17h.jpg
c9jw8zu	i dont know much about michigan	http://i.imgur.com/ma0hjOz.jpg		17			0	2	4	c9jw8zu.jpg
7od8nx	french workmen break through the dirt to mark the completion of the channel tunnel	https://external-preview.redd.it/WWmStpjSBOjCWf8cj1UgMQrFSjI8EbL1iNjpfz-zajY.jpg?width=320&crop=smart&auto=webp&s=f1260bbe796aaadefbcb68c5b7e3c7cac734904a	i.imgur.com	6	0.0	0.88	0	2	2	7od8nx.jpg
dgwnwxf	godbaby	http://i.imgur.com/8clVLh2.jpg		2			0	2	4	dgwnwxf.jpg
63kj5m	dog with its paws up	https://preview.redd.it/8ieyysdjgppy.jpg?width=320&crop=smart&auto=webp&s=a9f126fd99206b873b49c1b46dd0e824e6618284	i.redd.it	24	2.0	0.83	1	0	0	63kj5m.jpg
c6gb8hx	it was meant to be	http://i.imgur.com/AmfDc.jpg		9			0	2	4	c6gb8hx.jpg
cl52v5	wow	https://preview.redd.it/p0w713hzb0e31.jpg?width=320&crop=smart&auto=webp&s=ce6585dd85cf06ba7d378a6f1170db06f3b7e714	i.redd.it	11	0.0	0.77	0	2	2	cl52v5.jpg
1qmfvy	going out for a walk xp raww	https://external-preview.redd.it/59A7AKdAyX7DyHlftqlkOkZiGZ42SBcTDBC6XJ6cHHE.jpg?width=320&crop=smart&auto=webp&s=5cfc5923607ea9f7d226a2c2f27a1142a01825d0	i.imgur.com	2	2.0	0.67	1	0	0	1qmfvy.jpg
3irl8q	the bathroom view from this million penthouse	https://external-preview.redd.it/Szomx451BKwCbwHjH5N6rcRF1baUPYIzUAuf0EYRAdw.jpg?width=320&crop=smart&auto=webp&s=3e7a7f45cad8fee768d2e07f5e03b3ba49faec79	i.imgur.com	5	11.0	0.73	1	0	0	3irl8q.jpg
b1mzm8	these cookies that had neither peanut butter or chocolate	https://preview.redd.it/43074sb0xdm21.jpg?width=320&crop=smart&auto=webp&s=a6e924b43c2f5269e37188ba16115503bea80681	i.redd.it	48	23.0	0.86	1	0	0	b1mzm8.jpg
4no7bs	these australian rugby players celebrating after scoring	https://external-preview.redd.it/A1N_zWA8Ud1RUaQrHUHC19lraOx4t1X9Uv2VzJVEcKY.jpg?width=320&crop=smart&auto=webp&s=b82eab7f29790558621e6e2bdaa999ec94607279	i.imgur.com	2	2.0	1.0	1	0	0	4no7bs.jpg
1q7giw	whenever i see my toilet lid hinge i see this guy from the mos eisley cantina	https://external-preview.redd.it/remtyQmej0I1nNGvpeBvuJp4VBMIhcNRYMrbUVJrWq0.jpg?width=320&crop=smart&auto=webp&s=98a3ceb54a2292be28212f3d2b07da57c263dfaf	imgur.com	18	0.0	0.95	0	2	2	1q7giw.jpg
djlqeba	packman	http://i.imgur.com/SmxshH7.jpg		3			0	2	4	djlqeba.jpg
c47lj1m	its a christmas shovel	http://i.imgur.com/CE3GX.jpg		34			0	2	4	c47lj1m.jpg
b2semu	folly of youth my day will come	https://preview.redd.it/35evclshxzm21.jpg?width=320&crop=smart&auto=webp&s=858f19f610dc7f7b384e5e6f13332cf492360468	i.redd.it	6	4.0	1.0	0	2	1	b2semu.jpg
cd6t3h	this sawfish bill	https://preview.redd.it/vl06tbvvhba31.jpg?width=320&crop=smart&auto=webp&s=1c295248f35156d356c90a51f986ad4f5cb7c9b6	i.redd.it	8	0.0	0.76	1	0	0	cd6t3h.jpg
d7b74g	theres an otter on my otter island raft	https://external-preview.redd.it/yuBkr7xGhZpJckcqeoZukMJ-bLYGML_3smNqEFP0uZs.jpg?width=320&crop=smart&auto=webp&s=9c922d8c868faf984353f6709a2bad98e9c40ddb	imgur.com	61	6.0	0.96	1	0	0	d7b74g.jpg
coq7gme	thats so cold	http://i.imgur.com/MJMvU5R.jpg		13			0	2	4	coq7gme.jpg
20u4vb	centipede infestation	https://external-preview.redd.it/SeoffzZ9J8Pa9sDnsxr_1mhWlS_-byV9QlcRW0_eVVM.jpg?width=320&crop=smart&auto=webp&s=9a6efcb34d9f27223a9f50716c75c2f0d7945e77	2.bp.blogspot.com	18	1.0	0.79	0	2	2	20u4vb.jpg
exjhxzq	no excuses	https://i.imgur.com/Y8lKcF7.jpg		14			0	2	4	exjhxzq.jpg
933349	this scared church	https://preview.redd.it/eymu6juhg2d11.jpg?width=320&crop=smart&auto=webp&s=e1004cdc678225367050df03e8cd24fc1e90c3ca	i.redd.it	17	1.0	0.95	0	2	2	933349.jpg
b25qvk	new military budget is focused on china weve been ignoring the problem for too long	https://external-preview.redd.it/F_bmn-FExvYfdlrFebt6yULO9Dsa3GRanv_LqwBxu5U.jpg?width=320&crop=smart&auto=webp&s=a5ea386b001eebaf4bd13ef8bae49575f10b6555	cbsnews.com	38	6.0	0.9	1	0	0	b25qvk.jpg
cchisx	nobody took a single case out of this usa made out of beer boxes	https://preview.redd.it/0hs84glk6y931.jpg?width=320&crop=smart&auto=webp&s=6eba078cf4f62fc837fddfe09ee46c5adb853170	i.redd.it	17	12.0	0.72	1	0	0	cchisx.jpg
dfo1zw	alice coopers little rock arm	https://preview.redd.it/iv4v8jdt6lr31.jpg?width=320&crop=smart&auto=webp&s=0f52e25ebba8e3fd2d643b06b56731d3ef0d019d	i.redd.it	1382	12.0	0.99	0	2	2	dfo1zw.jpg
8ipvnx	denver international airports grand opening	https://preview.redd.it/2y5q2233o9x01.jpg?width=320&crop=smart&auto=webp&s=40f559743d1a8b337cebfe101c10e1305ba79c38	i.redd.it	4	0.0	0.67	0	2	2	8ipvnx.jpg
68rbap	did you just eat me	https://external-preview.redd.it/baWn5sQKMeSmizT9E2ZfnznK23EnFjhKSve83K88pD8.jpg?width=320&crop=smart&auto=webp&s=4158e622f746389de566cf06e4394a8411293995	imgur.com	3	0.0	0.8	0	2	2	68rbap.jpg
4jcigl	this sarcastic looking fish	https://external-preview.redd.it/fJet6siHrqksUsfgzPeLU8uhZfLPjJQnB6qlV-kxlHc.jpg?width=320&crop=smart&auto=webp&s=399339dd14f64cf43704ef2908fc4d374c31dd92	i.imgur.com	14410	573.0	0.79	1	0	0	4jcigl.jpg
cwdo6ry	beaker meep	http://i.imgur.com/1TQm1ui.jpg		83			0	2	4	cwdo6ry.jpg
bc057w	the surgical oncologist gave me this to bathe with before surgery today	https://preview.redd.it/v46xwyfi4nr21.jpg?width=320&crop=smart&auto=webp&s=a6641e62e6eb1229358786714e49234888ad2357	i.redd.it	43	35.0	0.77	1	0	0	bc057w.jpg
6ni56n	dawn of the final day hours remaining	https://preview.redd.it/arpfeqs1gt9z.jpg?width=320&crop=smart&auto=webp&s=b6a0ae6df6399be0651d258f060f2119d9c9ec84	i.redd.it	2	0.0	1.0	0	2	2	6ni56n.jpg
7r0njm	your mother was right doing this simple thing will help you be more successful	https://external-preview.redd.it/Eo0YN_1yhX7KsVlSS1gPzrTigG94Rwf57obzgYFCzk0.jpg?width=320&crop=smart&auto=webp&s=4483fd9a3602d581ab67066b8946d81057529385	archive.is	135	3.0	0.93	0	2	5	7r0njm.jpg
cva8imh	bum shuffling unicorn	http://i.imgur.com/U07o5oE.jpg		35			0	2	4	cva8imh.jpg
282zck	richard nixon having a word with walt disney	https://external-preview.redd.it/6YfNa7320d2gTi28JpXPSgZeSuR1e11OpTsugSZJsS8.jpg?width=320&crop=smart&auto=webp&s=29e59520fea42d6d4dacfa7a14f4de317fd3a378	parksandresorts.wdpromedia.com	4	2.0	1.0	1	0	0	282zck.jpg
2pxzo2	hawaiian surfer haa keaulana running across the ocean floor with a pound boulder as training to survive the massive surf waves	https://external-preview.redd.it/lhJpEheP-imbWDBDKkP1lRNSDHJnxRUS9uFY-LOY3gw.jpg?width=320&crop=smart&auto=webp&s=c20ad84b1e8d82aa7cc98217867642ab12719f0a	i.imgur.com	11	9.0	0.57	1	0	0	2pxzo2.jpg
cupg7ks	fear the lights	http://i.imgur.com/jpNnnau.jpg		3			0	2	4	cupg7ks.jpg
bxmpbw	this bean plant in my garden has leaves while the rest have	https://preview.redd.it/q864czfl7t231.jpg?width=320&crop=smart&auto=webp&s=b6c45fe66600eca39a3125a917b726c51a0683df	i.redd.it	6	2.0	0.87	1	0	0	bxmpbw.jpg
c7yf5q1	it had to be done	http://i.imgur.com/rOYR9.jpg		5			0	2	4	c7yf5q1.jpg
dmjstek	fishing for dollar bills	https://i.imgur.com/uimE7pr.jpg		119			0	2	4	dmjstek.jpg
5jzs0g	us abstains on un vote condemning israeli settlements	https://external-preview.redd.it/prkuA2vLaiRXu-Zz5Sn6kMRnJhVgw0UdEKy_mYpB8Mc.jpg?width=320&crop=smart&auto=webp&s=96b8a8b80b2f1c67ecf781cb1aeaf9842a165650	usatoday.com	15	1.0	0.9	1	0	0	5jzs0g.jpg
2btyxu	jewelry people	https://external-preview.redd.it/fi3r1BmRfla7sjAOthZfiZu-83VfIT_NFAHlW3X6tdU.jpg?width=320&crop=smart&auto=webp&s=614c2dbb131d866f5e6248619496aeb7797e3cb1	i.imgur.com	155	3.0	0.93	0	2	2	2btyxu.jpg
e3jbbiq	a little boost	https://i.imgur.com/xWy3vAw.jpg		3			0	2	4	e3jbbiq.jpg
553hvb	dysphoria self titled	https://external-preview.redd.it/mw4SqqP9R2IGWb-ktIL5SNQ8OBdCS0zV7l4O3D8P6ps.jpg?width=320&crop=smart&auto=webp&s=3bde6ab40750b8f8bb67d489ddbb77c227542f8c	i.imgur.com	309	11.0	0.97	0	2	1	553hvb.jpg
1dw5me	what a great american	https://external-preview.redd.it/0Oi_dpfzbatSUtHxxgvZ6vDJtk1V_VkqJqlQ-KmytTE.jpg?width=320&crop=smart&auto=webp&s=f1c202e39e095a6c551fab38ef9a95fd94ab8595	i.imgur.com	1	5.0	0.51	1	0	0	1dw5me.jpg
6nbhx1	a mighty fine beard	https://preview.redd.it/7fzqca9y5l9z.jpg?width=320&crop=smart&auto=webp&s=cd415f7a4bf348a5e5f5194a84aeaa4d9016c796	i.redd.it	40	6.0	0.84	0	2	2	6nbhx1.jpg
cpgfkrb	imgur mirror	http://i.imgur.com/UySeLkX.jpg		5			0	2	4	cpgfkrb.jpg
cd82wpb	she keeps outdoing herself	http://i.imgur.com/XxvpYxS.jpg		19			0	2	4	cd82wpb.jpg
1asahj	oh shitwhat just happened	https://external-preview.redd.it/Ve-9Wbrx6WBn5uLeCXo3YhGy9FBsON-6q-ZjwB1G6nE.jpg?width=320&crop=smart&auto=webp&s=e2b28ee16997205eff47aded191836d801d7b7e9	resources3.news.com.au	54	1.0	0.98	0	2	2	1asahj.jpg
erbw41e	send me in guys pope maybe	https://i.imgur.com/6GlgS24.jpg		4			0	2	4	erbw41e.jpg
do6l335	float like a butterfly	https://i.imgur.com/hJooSvn.jpg		8			0	2	4	do6l335.jpg
c5nrhpu	jack ruby making a testrun	http://www.anonmgur.com/up/79f0da898a427af372f10302aab1e695.jpg		141			0	2	4	c5nrhpu.jpg
btwi6n	satanic ritual found on the railroad tracks	https://external-preview.redd.it/mzbnSxWWCuJFpTyBqYf-QCla2ITSbtvZc0TkNQKWIyI.jpg?width=320&crop=smart&auto=webp&s=0bc359d44362519da82f6e5ffe44e7f8bd3913d7	i.imgur.com	26	14.0	0.74	1	0	0	btwi6n.jpg
90yvev	union artillery prepare to fire on advancing confederate troops	https://preview.redd.it/oakc3sewyib11.png?width=320&crop=smart&auto=webp&s=d5fa96fa93fc4fc8699a33392611376c7aba22d2	i.redd.it	28	4.0	0.98	0	2	2	90yvev.jpg
2n6ta5	snowedin house is a little tipsy	https://external-preview.redd.it/W53zfFAk7gPO5XJ57qh8dDa65fIRkX0XiS45DLmMKp0.png?width=320&crop=smart&auto=webp&s=dbc9dd3e5c419891ffbdf7d21dcc611bd207ebfe	i.imgur.com	3	1.0	0.71	0	2	2	2n6ta5.jpg
dsal5rr	jimmy valmer south park	https://i.imgur.com/TJ7Lnc4.jpg		13			0	2	4	dsal5rr.jpg
715iu2	the manhattan project guess who	https://preview.redd.it/d2yl43qd7wmz.jpg?width=320&crop=smart&auto=webp&s=0481c9f9d02951846bbe58fe7d8408d85a48e00e	i.redd.it	93	3.0	0.94	0	2	1	715iu2.jpg
ejebubv	imgur	https://i.imgur.com/GLMA21w.jpg](https://i.imgur.com/GLMA21w.jpg		3			0	2	4	ejebubv.jpg
cfsb3f	im a happy hamper	https://external-preview.redd.it/oDjwOIvJO2uh6OWAOwvYATciog8xrm9b968oIA__E-4.jpg?width=320&crop=smart&auto=webp&s=0942422b958ef32b238d44c52f611ae6ff02a790	i.imgur.com	72	0.0	0.98	0	2	2	cfsb3f.jpg
cim8ha1	his people need him	http://i.imgur.com/dPwtUDb.jpg		3			0	2	4	cim8ha1.jpg
10603q	corgi in a swing making an interesting face	https://external-preview.redd.it/Ikx0QTirQoVBVIQ90FqXt6N57E6GOVWFtfUQG90qp7A.jpg?width=320&crop=smart&auto=webp&s=a564257a4e57c3a653757741516448a667f153ad	i.imgur.com	27	5.0	0.85	1	0	0	10603q.jpg
23xz11	psychotria elata the flower nicknamed hooker lips	https://external-preview.redd.it/r3xZhcSQ7BUakZe1UH2f6b7xPQkJeiA5IHZbKOuSs1Y.jpg?width=320&crop=smart&auto=webp&s=87278dd813d280918f271260c90acfa0dc4bf03d	i.imgur.com	3	2.0	0.81	1	0	0	23xz11.jpg
bhqro7	the arrest of julian assange	https://external-preview.redd.it/y_3oVpFsvMUC2BToEutOpL_ALUYTVZYMs3O90klc0qE.jpg?width=320&crop=smart&auto=webp&s=7c037fac21cec11d185f17808197e564fcc74327	i.imgur.com	69	2.0	0.99	0	2	2	bhqro7.jpg
das33u	nazi to raise the moral in berlin	https://preview.redd.it/6er3ifcgjhp31.png?width=320&crop=smart&auto=webp&s=b55f63e3679ba5296afaea76e5c2debf98b691ab	i.redd.it	20	3.0	0.87	0	2	2	das33u.jpg
5e8u0k	howard dean calls steve bannon a nazi	https://external-preview.redd.it/d5weHgc-EpOU4O_6Rp3kW1FuZcGLoqPgDaqRNQBwnMM.jpg?width=320&crop=smart&auto=webp&s=c108d49a46d41e03af27d812ddc35d9a71aa44b3	cnn.com	2	0.0	0.67	1	0	0	5e8u0k.jpg
dqarlg9	its fun to stay at the	https://i.imgur.com/CnZqrF6.jpg		23			0	2	4	dqarlg9.jpg
7znve2	this statue of a king	https://external-preview.redd.it/MukP75Highn15lCcfJD9IQeVesk23vYrsv6YPQLPkMk.jpg?width=320&crop=smart&auto=webp&s=9dc99534529dda462172f7776ed11d885e62d081	i.imgur.com	6	3.0	0.72	1	0	0	7znve2.jpg
c833pk9	a sad keanu	http://i.imgur.com/2sCd5zs.jpg		1			0	2	4	c833pk9.jpg
ci5lgvz	dog on moon of saturn	http://i.imgur.com/i9Id3ef.jpg		2			0	2	4	ci5lgvz.jpg
d5exmeg	extremely rare cow spout	http://i.imgur.com/S3B0JJq.jpg		-5			0	2	4	d5exmeg.jpg
5flw2j	construction workers rescue massive trapped bear	https://external-preview.redd.it/GpcuRKrKS4YQHYP0c2-VMi806fPz6zjV1F4XAcf2FBs.jpg?width=320&crop=smart&auto=webp&s=6035fa646a163321d78df74657ad5beedf2e80c8	ca.yahoo.com	15	2.0	0.84	1	0	0	5flw2j.jpg
ckuloli	previous attempt	https://i.imgur.com/zT9ZQmR.jpg		803			0	2	4	ckuloli.jpg
dccvjup	basketball	http://i.imgur.com/RvPFcJv.jpg		16			0	2	4	dccvjup.jpg
ctnyskr	get your bruce willis cpr dummy now limited offer	http://i.imgur.com/HKEZeHV.jpg		78			0	2	4	ctnyskr.jpg
224p3c	old aircraft listening device	https://external-preview.redd.it/-9Gg3kidHpOXx7d9CwvizGgFxs5dlBYidt1arnCJjY0.jpg?width=320&crop=smart&auto=webp&s=aad7bd6f217e70e436813420ea7805503a70567d	i.imgur.com	11	4.0	0.84	1	0	0	224p3c.jpg
708pk5	angry salmon	https://preview.redd.it/gw2rvteok0mz.jpg?width=320&crop=smart&auto=webp&s=1448640b3d6271ecaea4a86fe3dd40357d605a31	i.redd.it	18	3.0	0.83	0	2	2	708pk5.jpg
btfolv	this illuminated toilet by the sun	https://preview.redd.it/2ovih6pykl031.jpg?width=320&crop=smart&auto=webp&s=cfc0dae93af0413c103f592733bcfc1c46c47403	i.redd.it	8	6.0	0.71	1	0	0	btfolv.jpg
8s4h0j	this two players from the wc	https://external-preview.redd.it/BXg203MeUDVXGRAfVFIK848Tv3LoDQJXNOoOPjJI8Ms.jpg?width=320&crop=smart&auto=webp&s=847a8df9a9ff57892f4ea94cb9e7dd8352a98980	i.imgur.com	5	5.0	0.86	1	0	0	8s4h0j.jpg
4h8xb9	ted cruz photo with a shadow that makes him look like he has a hitler stache	https://external-preview.redd.it/HJwe3Y_bcdtisiD4aKyOAWAtcRa_FVvCO2Aj1OM4bKU.jpg?width=320&crop=smart&auto=webp&s=c0619a70c1a809ecf780af0fb0c54d841b36a2db	i.imgur.com	5	2.0	0.78	1	0	0	4h8xb9.jpg
cbbxdt9	the catinajar cannonball	http://i.imgur.com/KNLCFFf.jpg		2			0	2	4	cbbxdt9.jpg
c6h4n2p	vikingoat	http://i.imgur.com/CZXnb.jpg		80			0	2	4	c6h4n2p.jpg
cameggj	other discussions	http://i.imgur.com/0ndvVXj%2ejpg		1			0	2	4	cameggj.jpg
ctw6cg	this rock formation in andalucia spain	https://preview.redd.it/a6nxmitklzh31.jpg?width=320&crop=smart&auto=webp&s=9cf2e66717e65ceab98a36e73b6ef59db156e21f	i.redd.it	2	1.0	0.67	0	2	2	ctw6cg.jpg
cl53fb3	added some arrows to help you out	http://i.imgur.com/6CTtOb3.jpg		2			0	2	4	cl53fb3.jpg
1vp272	turned around and this guy was grinning menacingly at me	https://external-preview.redd.it/4aI9acuvEx6y6QE9IzoYlrdlpapevRbGJE_w_k_nii0.jpg?width=320&crop=smart&auto=webp&s=139302dfb8cad46b2bae6068292d9e856743aefa	i.imgur.com	10	0.0	0.79	0	2	2	1vp272.jpg
65jj7j	american protesters demand president trump release his tax returns	https://external-preview.redd.it/Dgyb1YiFeRHpQGAWpjdpLbUIvP5PVBCKmk5z2qhL-1c.jpg?width=320&crop=smart&auto=webp&s=b736424e37fe86ffe30d889b18d19fc2e2d2227a	imgur.com	12	0.0	0.78	0	2	2	65jj7j.jpg
37bilb	sunken walkway in ireland	https://external-preview.redd.it/BgSYTyRiWxcuM_pFWLozjlszFr5TTySrI9bempNOnOw.jpg?width=320&crop=smart&auto=webp&s=36522b07e1c8a2876cf5d990ccddb3681afdeff9	i.imgur.com	342	8.0	0.86	1	0	0	37bilb.jpg
8dl6zh	illinois county votes to become sanctuary county for gun owners	https://external-preview.redd.it/Da-WGPMNJjSe_kllkc2RnD86lWOEf04pGLtxV_62Na4.jpg?width=320&crop=smart&auto=webp&s=7feacd6b9367bd1e6bafa5526343fa26c46607b9	usatoday.com	7	3.0	0.89	1	0	0	8dl6zh.jpg
bcghek	these branches grew into the power lines they were dealt with accordingly	https://external-preview.redd.it/Qr132x4qjqXMPmxLlAinzRoZRsy10G1t8zANhXGGkxQ.jpg?width=320&crop=smart&auto=webp&s=80509758817223d106cc70f9e1665a41036076df	imgur.com	3	4.0	0.68	1	0	0	bcghek.jpg
8nifh5	flight deck officer launching the doolittle raid bs off the uss hornet	https://preview.redd.it/e7gxb7qa17111.jpg?width=320&crop=smart&auto=webp&s=3cd7482b3ce61575e5fae2ccc52a6147d9011571	i.redd.it	66	4.0	0.97	0	2	2	8nifh5.jpg
dfxvce8	xxx	http://i.imgur.com/zfNDhFe.jpg		2			0	2	4	dfxvce8.jpg
bfg0nt	north korea stages public executions to strengthen social order	https://external-preview.redd.it/eIygiG4sCt1SZgvvytVNdbJvyNYVaU8ppaEMH1j8WO8.jpg?width=320&crop=smart&auto=webp&s=9b44753c96902619f8a97bbad8862a33aa4ab8a6	rfa.org	61	28.0	0.79	1	0	0	bfg0nt.jpg
75ptba	lindsay lohan uses newly developed accent to defend harvey weinstein	https://external-preview.redd.it/AX_EnE-onXQEIozImXDPrax6aYqDzuBteFdNiKqIU1Y.jpg?width=320&crop=smart&auto=webp&s=a18992c25e251946954c51f53b0124a86d044562	actionnewsjax.com	12767	1502.0	0.89	1	0	0	75ptba.jpg
arc1av	my local supermarkets generic toilet paper brand is called happy end	https://preview.redd.it/l1tet3ssdzg21.jpg?width=320&crop=smart&auto=webp&s=ea9fdf8ba2f83e7d66f4b1b9e624048e0eac5148	i.redd.it	25	1.0	0.86	1	0	0	arc1av.jpg
3migop	i was a child finally says he looks a little while with eyes that seemed to be his own took a sledgehammer to it for me	https://external-preview.redd.it/-bYWUNIlZltSmXnAs-1I8y6lGfiCbRIRacgqlysz0Vc.jpg?width=320&crop=smart&auto=webp&s=8b35472746017b5cd8af8872146201cf258eb46a	imgur.com	12	20.0	0.81	0	2	3	3migop.jpg
c6c0v7e	the picture of the empire state building	http://upload.wikimedia.org/wikipedia/commons/d/df/NYC_Empire_State_Building.jpg		23			0	2	4	c6c0v7e.jpg
9fbv0o	a packed concert	https://preview.redd.it/qyg616w5kvl11.jpg?width=320&crop=smart&auto=webp&s=be62afb4a794c1bed1fedfb896f4222886f7f8ef	i.redd.it	38	3.0	0.84	0	2	2	9fbv0o.jpg
9cblui	american spy attempting to infiltrate a german camp greets a guard	https://preview.redd.it/2yd9wakogtj11.jpg?width=320&crop=smart&auto=webp&s=c18528a39f663845973fa5a5822186abd8b46ed3	i.redd.it	48	0.0	0.99	0	2	2	9cblui.jpg
de1hlxo	osaka by sundown directed by quentin tarantino coming summer	http://i.imgur.com/7lPmxzm.jpg		2			0	2	4	de1hlxo.jpg
cd18qt	peppercorns actually grow as tiny fruit of a flowering vine known as piper nigrum	https://preview.redd.it/ax5wsyuip8a31.jpg?width=320&crop=smart&auto=webp&s=1f35a70d28811fb2dea02ef948d6e98958a1a440	i.redd.it	12	4.0	0.93	1	0	0	cd18qt.jpg
c62pkej	edit you also gave me an idea	http://i.imgur.com/dvWrs.jpg		4			0	2	4	c62pkej.jpg
9gpir1	this short ethernet cable	https://preview.redd.it/v5mrlt1kwvm11.jpg?width=320&crop=smart&auto=webp&s=0b6b753011fad3474ca40e0a83cacc761ea9b9fb	i.redd.it	65	11.0	0.83	1	0	0	9gpir1.jpg
b31w3z	my doorbell melted	https://external-preview.redd.it/Y_8UqpTiV-SKFGFM8nnNYF01vfTbDNFcO45jKE7JYeg.jpg?width=320&crop=smart&auto=webp&s=80f89abdf4a1167d0a7be517351b2d445d1b209a	imgur.com	1	0.0	0.56	1	0	0	b31w3z.jpg
2soprl	exorcist master theory	https://external-preview.redd.it/qvjXGdyhoNU5XThjIo2hcH6mLmNSPs5FLHP95f3M944.png?width=320&crop=smart&auto=webp&s=34ce0771a34de04da46c34381e56c8654142f3e0	i.imgur.com	2	2.0	0.75	0	2	1	2soprl.jpg
1qct8r	caffeinated soda mistakenly offered at byu	https://external-preview.redd.it/5nXEAt0YGhbYS-Eh2Uk421TYStJZqz01oAklSiS02G4.jpg?width=320&crop=smart&auto=webp&s=17d4e27e59e3e3509e37a67cc8c8d807a424c964	4utah.com	49	9.0	0.81	1	0	0	1qct8r.jpg
ax0nty	my vacuum charging unit has a moustache	https://preview.redd.it/pzf5le46yzj21.jpg?width=320&crop=smart&auto=webp&s=4974b9fa9de0528c0d04515fa0b297591d887da0	i.redd.it	5	3.0	0.86	0	2	2	ax0nty.jpg
c6w90wp	war of the worlds llama edition	http://i.imgur.com/yzuIn.jpg		17			0	2	4	c6w90wp.jpg
de5v8z	my next door apt has taped off the door bell key hole peep hole and most of the door	https://preview.redd.it/iptcw5x9byq31.jpg?width=320&crop=smart&auto=webp&s=6703148fb07d246ce237d11b68cdabbc81eda294	i.redd.it	29	58.0	0.98	1	0	0	de5v8z.jpg
c9iu2a	this strawberry has stems	https://external-preview.redd.it/Wwfb9O8FXuVcFRlaHNa_nXCwJ_Ct7WrL9c0LIQNY3Rw.jpg?width=320&crop=smart&auto=webp&s=53f2de71f56ae363c6a508f539ef3348f45ccc45	i.imgur.com	5	0.0	0.67	1	0	0	c9iu2a.jpg
3dmazh	baby bear rescued from nolichucky river on a raft	https://external-preview.redd.it/88MwKb5TPRRzN9MUlLz9nUQO5kLQNsS_jZmuu1pSvOA.jpg?width=320&crop=smart&auto=webp&s=3325f77d076b12e748ec28cd2047fd7200b14967	knoxnews.com	4	0.0	0.84	1	0	0	3dmazh.jpg
d0radg	cursed hands	https://preview.redd.it/ezb8bruph3l31.jpg?width=320&crop=smart&auto=webp&s=eaf14b3b221dfe2bdfb8e410f2fe20312b405d7f	i.redd.it	22	2.0	0.78	0	2	2	d0radg.jpg
4bill6	ks police chopper track down cheetos thief	https://external-preview.redd.it/fWKBHoDhgvUYOdu_WSJ5-Ud_Dl_eEY5H7gF7FvPdBis.jpg?width=320&crop=smart&auto=webp&s=e69d933856fa971899571b6238fab3305bc8a97d	10news.com	5	1.0	0.86	1	0	0	4bill6.jpg
9cj57j	the suicide of socrates bc	https://preview.redd.it/55vhhhftwyj11.jpg?width=320&crop=smart&auto=webp&s=0a53e712a41b27d7a237fb256b907947dd548766	i.redd.it	36	2.0	0.95	0	2	2	9cj57j.jpg
djuw2x0	casting	http://i.imgur.com/3axjCU4.jpg		30			0	2	4	djuw2x0.jpg
3xisul	shorteared owl	https://external-preview.redd.it/C-AcPsCRaT8ia1dHZCSYRRt3kM1TzEwDtgLHtrc3sls.jpg?width=320&crop=smart&auto=webp&s=79e7e6c22c21c372f6f25766dc0f1cf2bc6ff97d	farm1.staticflickr.com	83	1.0	0.94	1	0	0	3xisul.jpg
3nmi7x	cut pensioner benefits now because they wont be around to vote in next election says think tank director	https://external-preview.redd.it/rL9XIXmr-FOZPNzcF31WFf6k5wNVVBi8fKhOqzbmweE.jpg?width=320&crop=smart&auto=webp&s=4c5ca44d1a58505bbef440c628976c580c0b6b59	independent.co.uk	31	6.0	0.9	1	0	0	3nmi7x.jpg
d1iiey	this halloween decoration of a rat skeleton	https://preview.redd.it/2ku6m53tcgl31.jpg?width=320&crop=smart&auto=webp&s=3b5d98b66d62c41d53cbf09be575be98404dce66	i.redd.it	2	1.0	0.75	1	0	0	d1iiey.jpg
c920ujw	bonus image if you need another expression	http://i.imgur.com/lOCa28y.jpg		1			0	2	4	c920ujw.jpg
3kr5yq	man wearing hawaiian shirt walks into a cop on top of her period	https://external-preview.redd.it/2KnbcY8EDlOIDI9BVx14Q_I9wi_JrOVA7Urh6ywI5ME.jpg?width=320&crop=smart&auto=webp&s=a21181a13dd4471721fd8c93cb7ae2a1b32b2728	imgur.com	126	20.0	0.95	0	2	3	3kr5yq.jpg
e2ubv65	httpsiimgurcomskpofujpg	https://i.imgur.com/sK5pofu.jpg](https://i.imgur.com/sK5pofu.jpg		159			0	2	4	e2ubv65.jpg
c6o976	i posted my dads melanoma post surgery incision weeks ago heres what it looks like today	https://preview.redd.it/qr9lutjvb5731.jpg?width=320&crop=smart&auto=webp&s=12b07f5476633f6edc086fe1fd2aacb716690bfd	i.redd.it	4	7.0	0.7	1	0	0	c6o976.jpg
cgksplm	cutouts	http://upload.wikimedia.org/wikipedia/commons/0/05/Yalta_Conference_(Churchill,_Roosevelt,_Stalin)_(B%26W)%2ejpg		1			0	2	4	cgksplm.jpg
3jfd9d	this butter looks like donald trump	https://external-preview.redd.it/ZSi6zWGENjlSWSw6ak1bDtAyadwwmKjDmQa7FZ7lHr0.jpg?width=320&crop=smart&auto=webp&s=0ef43d6626184ab7a9c805c81f9b4f70d602f734	imgur.com	2	1.0	0.63	0	2	2	3jfd9d.jpg
230l6g	delicious rambutans	https://external-preview.redd.it/jDBb6KQYg_JlkZTkAudgiRY8mmmd_NhIslwebG1Fa4k.jpg?width=320&crop=smart&auto=webp&s=9a8e7c847879fa882e3351d836be9ea6feb3888f	i.imgur.com	105	7.0	0.79	0	2	2	230l6g.jpg
1axnw2	you came to the wrong part of town homie	https://external-preview.redd.it/JaxIkTYjl-4apII5mBXVDR1ZrPIWwh9GHcCnV3HHZgQ.jpg?width=320&crop=smart&auto=webp&s=fb73c5df5c1eaf0bebcc16ef357d5023bee1d738	i.imgur.com	29	2.0	0.82	1	0	0	1axnw2.jpg
r4bcj	autobot shadow	https://external-preview.redd.it/HW-1QJUKNd-uJ1cQJPDStG7KYLcpSdebxIqjBE3dMSY.jpg?width=320&crop=smart&auto=webp&s=0ad0095cbdebed9a8436c1049ea6a644476a8f63	i.imgur.com	11	2.0	1.0	0	2	2	r4bcj.jpg
5rt6w6	riparian zone subculture	https://external-preview.redd.it/EXNeFHNhDvor7o1xdHuT6_d_J-aMBohv8Qls6RQSu5o.jpg?width=320&crop=smart&auto=webp&s=f6aa921f5505e458f364004c7621e1b5c59b1c04	i.imgur.com	184	4.0	1.0	0	2	1	5rt6w6.jpg
b9lagv	the way these thumbnails lined up im not weird i was looking up stock vids for school	https://preview.redd.it/slw8dhczocq21.jpg?width=320&crop=smart&auto=webp&s=ae2d9436943fca65618cf37baab4d10d7b8ec140	i.redd.it	3	6.0	0.67	1	0	0	b9lagv.jpg
2w8g1m	washington dc has giant snowball fight after storm shuts down offices	https://external-preview.redd.it/Q-LSiKUe5KCcvPt13CqnYw9C-yui41AmukmHKW_E9Rg.jpg?width=320&crop=smart&auto=webp&s=089c50602b978c7afcff66e1aca05ccc147b9d8b	mashable.com	13	0.0	0.84	1	0	0	2w8g1m.jpg
cv6xoxk	game over	http://i.imgur.com/uRFlSdk.jpg		1			0	2	4	cv6xoxk.jpg
c6up30	ted kaczynski writing the unabomber manifesto	https://preview.redd.it/p77w91e688731.png?width=320&crop=smart&auto=webp&s=5678dac6115e0f7e712229d95ea6186cb612aefb	i.redd.it	53	0.0	0.99	0	2	2	c6up30.jpg
6bhe46	a young jason segal on the set of freaks and geeks	https://preview.redd.it/kr37vvyx0qxy.jpg?width=320&crop=smart&auto=webp&s=c046b1d5368fef984e3174fd6fe19817b16ec59c	i.redd.it	1	0.0	0.57	0	2	2	6bhe46.jpg
c19xtf	my original philadelphia had a chives philadelphia foil seal on it	https://preview.redd.it/ewmtsul81q431.jpg?width=320&crop=smart&auto=webp&s=82de7dbee32b0e8aa17b084e72ac00a9f82bd20e	i.redd.it	7	7.0	0.73	1	0	0	c19xtf.jpg
d7uvhf	this dude stopping traffic to instagram his starbucks	https://preview.redd.it/959yb0p917o31.jpg?width=320&crop=smart&auto=webp&s=5e9416fc0a975fb3b523775dd69f782a6621ba98	i.redd.it	10	8.0	0.92	1	0	0	d7uvhf.jpg
3g7v9a	philanthropic hitler january goebbels is weeping and saying if only the world knew what the fuhrer could give and how deeply he loves the whole of mankind by boris efimovich efimov	https://external-preview.redd.it/zC0MuRYck5sf4Zm3gsGp-AwgvdTaWMvZtMlyOltd76k.jpg?width=320&crop=smart&auto=webp&s=2ec7b35f901ac2528dfdb87259e274a54592da09	i.imgur.com	270	30.0	0.96	0	1	5	3g7v9a.jpg
azclzf	this steep bridge across the highway	https://preview.redd.it/8no5oa4o98l21.jpg?width=320&crop=smart&auto=webp&s=462ef3e0752e8ad97a15a9bd78f1dc897c2b25d6	i.redd.it	8	6.0	0.84	1	0	0	azclzf.jpg
c2zdro	seahorsenot really	https://external-preview.redd.it/U9Oi3qPYo4k6W1Uq0FHnD_M9D_Y23Qv6BBW9Mx75fLs.jpg?width=320&crop=smart&auto=webp&s=90f4b9b7f324605599b825ac38e8e140f5ed7af8	imgur.com	6	3.0	0.72	1	0	0	c2zdro.jpg
1dnpc5	a wii balance board looking down from a trash can	https://external-preview.redd.it/KTcdi1mnIeVvp09t7VcqJojVNS8uxuP9BdKSaIao8h0.jpg?width=320&crop=smart&auto=webp&s=e1096f90f1e22fe265d366c340dde7cc47da56e1	i.imgur.com	5	1.0	0.73	1	0	0	1dnpc5.jpg
cq9k9xi	excalibur	http://i.imgur.com/uwd9ejB.jpg		274			0	2	4	cq9k9xi.jpg
bm1q8b	my packet of pasta had pieces connected	https://preview.redd.it/jf57o52qixw21.jpg?width=320&crop=smart&auto=webp&s=09e6d8c89bab8baf13696ab9e74db6e00c3158ee	i.redd.it	20	4.0	0.76	1	0	0	bm1q8b.jpg
53hik7	found a network hub for my next lan party	https://external-preview.redd.it/ukLi4MMr94s9pfAKZysUZLoLiyO1-PdWm4sUr3LEboI.jpg?width=320&crop=smart&auto=webp&s=b345207b42af636494df264354cbba1fb7db928a	i.imgur.com	823	26.0	0.88	0	2	2	53hik7.jpg
chvqcc0	get off my lawn	http://i.imgur.com/aZP4kpe.jpg		268			0	2	4	chvqcc0.jpg
cce8wq9	other discussions	http://i.imgur.com/OHM5v5K%2ejpg		0			0	2	4	cce8wq9.jpg
chf3byb	ah paris	http://i.imgur.com/635xu6H.jpg		3			0	2	4	chf3byb.jpg
85z98c	this interchange is just happy to help	https://preview.redd.it/9fpitc2hi1n01.jpg?width=320&crop=smart&auto=webp&s=c1d5bba341bfe2be53511d04e76a90455b7e99ba	i.redd.it	3	0.0	1.0	0	2	2	85z98c.jpg
cs89ywm	king kong reborn	http://i.imgur.com/F2yH8vU.jpg		5			0	2	4	cs89ywm.jpg
chog9cv	cutouts	http://i.imgur.com/sW6C7qU%2ejpg		1			0	2	4	chog9cv.jpg
bsar8v	colorado caps insulin prices and legislates investigation into the price hikes	https://external-preview.redd.it/HF77gn1i2uydpdZ6ATUFQ-R5wXNMaWd4EWQ0PtUlpkA.jpg?width=320&crop=smart&auto=webp&s=34b691101abd3b205789afb1e9257e5aa3e73733	denver.cbslocal.com	88	8.0	0.96	1	0	0	bsar8v.jpg
bbmxcm	my icecream sandwich came with an extra layer	https://preview.redd.it/e6c05iiy9gr21.jpg?width=320&crop=smart&auto=webp&s=64487eff2ebc0322ef38d593e07862ea6d49e899	i.redd.it	10	1.0	0.86	1	0	0	bbmxcm.jpg
9g2ed1	this stretching dog	https://preview.redd.it/rp83r7hz9fm11.jpg?width=320&crop=smart&auto=webp&s=b0ac8a5dd85bf8ccf47859692970126ff28b24cd	i.redd.it	5	3.0	0.69	1	0	0	9g2ed1.jpg
8t878r	boris johnson after his vote to leave the european union brexit referendum	https://preview.redd.it/tjnkws1j6p511.jpg?width=320&crop=smart&auto=webp&s=dc648b76553db727f1702f7890e291a38857cb18	i.redd.it	38	1.0	0.93	0	2	2	8t878r.jpg
c6b1hoe	is it too late for another entry	http://i.imgur.com/do5Xm.jpg		95			0	2	4	c6b1hoe.jpg
bfv5tt	i found some emulators for n and ps in an old restaurant in mexico city	https://preview.redd.it/3c5flco0dpt21.jpg?width=320&crop=smart&auto=webp&s=68f66328095fec32cc4c575f8cdc35585b789e9b	i.redd.it	5	0.0	0.86	1	0	0	bfv5tt.jpg
8nnq5b	spooky	https://preview.redd.it/zjpkexztz8111.jpg?width=320&crop=smart&auto=webp&s=a55c572f9c50b77c3a8d41c1924ffbc3b2f2bab5	i.redd.it	11	2.0	0.82	0	2	2	8nnq5b.jpg
dp0csmj	cutout	https://i.imgur.com/rG5fxSw.jpg		4			0	2	4	dp0csmj.jpg
1pecjt	chinese naval forces disinfecting a nuclear sub	https://external-preview.redd.it/VM-kCUatgjzrfPjHpni-XQFIVYcWNrk99V2nqCD5DMg.png?width=320&crop=smart&auto=webp&s=d00568f1e364c96bc8e44b701c43f482249ac857	i.imgur.com	15	4.0	0.94	1	0	0	1pecjt.jpg
7ggdvt	japanese civilian scavenging for food late in ww	https://external-preview.redd.it/LyVBSPFhpSalbmrCFVqlzlhylt5U20FdMSC9KbQ0eHA.jpg?width=320&crop=smart&auto=webp&s=190d21c95f6f03ad908aa6f161c6dbe98a4aa435	imgur.com	16	0.0	0.94	0	2	2	7ggdvt.jpg
cd0v868	celebrity endorsement	http://i.imgur.com/5W70IVo.jpg		107			0	2	4	cd0v868.jpg
932vhq	pensioner takes framed photo of his late wife to look at the view every day	https://external-preview.redd.it/Tz98YfIIcWhzaatqMhBz70skyNv9Su9sWYvo5DDGXt4.jpg?width=320&crop=smart&auto=webp&s=56c5793331be74cf3ada3aaa1ba6fbc82a846a32	metro.co.uk	48	8.0	0.81	1	0	0	932vhq.jpg
duaor73	pupg	https://i.imgur.com/Cobag6J.jpg		1691			0	2	4	duaor73.jpg
c7upbvk	pertinente	http://i.imgur.com/9lwrl.jpg		73			0	2	4	c7upbvk.jpg
8fo8x6	the atomic bomb is dropped on hiroshima	https://external-preview.redd.it/2gFzNlt7OOJMnjjv37uk6Fgn62hYlCaldAmADkGLbDI.jpg?width=320&crop=smart&auto=webp&s=023adb4d6a51f675c9ea93c629575565e86f9614	youtube.com	8	0.0	1.0	0	2	2	8fo8x6.jpg
9fl4dl	this caterpillar has a sad face on it	https://preview.redd.it/k16ksmwh62m11.jpg?width=320&crop=smart&auto=webp&s=7e072d875d1a07cefb55850a4d4cdcfbc7e92c5c	i.redd.it	152	11.0	0.94	1	0	0	9fl4dl.jpg
4ldoir	he pokes nails into a lemon the result is insanely cool	https://external-preview.redd.it/aE4IFnJDYLMZfu89IJ6Cix7B-Jrkg1oiM0DyY8HW82g.jpg?width=320&crop=smart&auto=webp&s=e636d8e1dd937f24e7efcccc7c41125174eb1a1c	web.archive.org	23	2.0	0.96	0	2	5	4ldoir.jpg
chi5t33	this just looks so unnatural	http://i.imgur.com/MuXcWgN.jpg		13			0	2	4	chi5t33.jpg
5e8qiv	evil face in my daughters sock	https://external-preview.redd.it/SJ-clqz6kFQ0anyzvTCUDfc8P3SAar5r6P87VSV6hRE.jpg?width=320&crop=smart&auto=webp&s=d147cc2d91ef9fde75d9237a57a383f2e7d82117	i.reddituploads.com	2	0.0	0.67	0	2	2	5e8qiv.jpg
cvio63y	now he has a friend	http://i.imgur.com/73U9Zq6.jpg		1			0	2	4	cvio63y.jpg
4ronzu	treating alcoholics with wine	https://external-preview.redd.it/23spHQHWACb4BsLw9O6z_8s33mx1T4Rkmor8mErL13g.jpg?width=320&crop=smart&auto=webp&s=a88cab0442a41a42fdf8899887ba01ec4090f480	bbc.com	74	19.0	0.93	1	0	0	4ronzu.jpg
3ft1ir	dog in a boat	https://external-preview.redd.it/D1D_pcdvBnUM5OvSpKbXr6x0Jm7D6FfWpdeMadGV-1w.jpg?width=320&crop=smart&auto=webp&s=e4e9d135450bb47fbd8b9f0c3dbf48110c29febe	i.imgur.com	3	5.0	0.8	1	0	0	3ft1ir.jpg
7n28dr	burning alcohol vapors in a ranked game for over years	https://preview.redd.it/om34x5z2oy601.jpg?width=320&crop=smart&auto=webp&s=f4608248ee86c59873f889cbb60395846d18bdbe	i.redd.it	19	21.0	0.89	0	2	3	7n28dr.jpg
ccu8fe2	dick buttcorrected link	http://i.imgur.com/Hqj7OFF.jpg		57			0	2	4	ccu8fe2.jpg
dmznnod	under the sea	https://i.imgur.com/jsuOTQH.jpg		2			0	2	4	dmznnod.jpg
9eopk0	my brothers timing on his odometer is really good	https://preview.redd.it/cwo33xxcufl11.jpg?width=320&crop=smart&auto=webp&s=6ca732841b591f36ee398c89b724ce47cbcca80f	i.redd.it	30	5.0	0.82	1	0	0	9eopk0.jpg
dy7l72q	reading the morning paper before shooting	https://i.imgur.com/RGunI1e.jpg		2516			0	2	4	dy7l72q.jpg
ddlx7wk	this reddit silver	http://i.imgur.com/oRxpH8f.jpg		0			0	2	4	ddlx7wk.jpg
co05gt	there are tiny parks for bees hiding on the roof of these bus stopsin the dutch city of utrecht the roofs of hundreds of bus stops were recently covered with lowgrowing succulent plants called sedum its not to make them look good its to create new habitats for bees and butterflies	https://external-preview.redd.it/hhs2-9p-7u0qfYR4r07SZvFZ0-jJX8-moc0UdEoZAZA.jpg?width=320&crop=smart&auto=webp&s=17a643d609babce64fd3d1b2205b09eb3609d175	fastcompany.com	4807	141.0	0.98	1	0	0	co05gt.jpg
55vfxh	you should watch the vpdebate and heres why	https://external-preview.redd.it/qhoDqrjzYOxgEKhKqphURNbxPBUOT6AM6UFBqW2FJgI.png?width=320&crop=smart&auto=webp&s=5c4b66d2f37383940f92cee984ce8c1d2de1e5c8	i.imgur.com	236	8.0	0.97	0	2	5	55vfxh.jpg
7fgwf8	sea dome lone sailor	https://preview.redd.it/cixfhvrzx5001.jpg?width=320&crop=smart&auto=webp&s=9509788929f424914ade3139300d2982c7882aae	i.redd.it	98	10.0	0.99	0	2	1	7fgwf8.jpg
ay3jcu	ryan reynolds after starring in green lantern	https://preview.redd.it/92bn2trf6kk21.png?width=320&crop=smart&auto=webp&s=7a3c8cd6964ca0a89e63efe505a495240af2f067	i.redd.it	65	2.0	0.97	0	2	2	ay3jcu.jpg
c2ro1l	exclusive overruling his experts pompeo keeps saudis off us child soldiers list	https://external-preview.redd.it/3xvuYEgnKGXFs9oCGA7q0Hamc0Dbhkmp_dYByCWpwRc.jpg?width=320&crop=smart&auto=webp&s=36b4f9c2aa756c1376c062de9e704a8d9500c340	mobile.reuters.com	6	0.0	1.0	1	0	0	c2ro1l.jpg
2powmx	satanist and christian holiday displays to go up at michigan capitol	https://external-preview.redd.it/yDo_f4BHacwWUKlhGurM5P2pPgO67ErgxoWrronFwAM.jpg?width=320&crop=smart&auto=webp&s=eaaa939bab6260b9191a90c32a0bf3dc30c31611	npr.org	21	16.0	0.85	1	0	0	2powmx.jpg
dlqr35	these lids this fast food place got to replace plastic straws	https://external-preview.redd.it/23zlnfItbIf8FxH6uNGfdV1XN-0TSYpYqxTSsA9u_DE.jpg?width=320&crop=smart&auto=webp&s=8b69a1350c4e259f0d5bf284d352ada2b1544f66	i.imgur.com	65	34.0	0.97	1	0	0	dlqr35.jpg
49qdyu	loyal dog stays by owners side for hours after he gets stranded in forest	https://external-preview.redd.it/o0k5VlwzxsTUPigG5bJx9-V-CWqLJK1ds1NerXO-S80.jpg?width=320&crop=smart&auto=webp&s=6cea6adea0eae2af917020eed81346827be6f5ab	globalnews.ca	20	3.0	0.86	1	0	0	49qdyu.jpg
b9v3in	this persons banana shoes	https://external-preview.redd.it/k0c0C5F2OqxiT_k10zktndrcJIOd_ITGqoNuoWNGqFQ.jpg?width=320&crop=smart&auto=webp&s=7dce318f111ded740bcdd2a6eaeb99d698d74784	i.imgur.com	7	4.0	0.67	1	0	0	b9v3in.jpg
ckawcl2	other discussions	http://i.imgur.com/AHOY5Zi%2ejpg		1			0	2	4	ckawcl2.jpg
bs6hpv	trump administration announces new bill design honoring harriet tubmans owners	https://external-preview.redd.it/LWuR3Jg4T2Dnc240J2XU_6fUc0UqCen02t6WTxK8TCU.jpg?width=320&crop=smart&auto=webp&s=e1b2cfc068e9a5aa449840ee3984ca3a12c7542e	politics.theonion.com	103	3.0	0.99	0	2	1	bs6hpv.jpg
5iv76t	roblox is the single best game on earth	https://external-preview.redd.it/G8rBG1C1UBhQugS6570je7HZRjobjPEWJyz0-XqoyLU.jpg?width=320&crop=smart&auto=webp&s=4e601f214cebf2c9a564862ee2e9e8d31e126f4d	youtube.com	3	2.0	0.72	0	2	1	5iv76t.jpg
d5272s	the way the ice formed on this rock next to a waterfall in iceland	https://external-preview.redd.it/qgh_3Hqayplft3XHOtAuF26I3xz3ly4D6ByMGjfs-IU.jpg?width=320&crop=smart&auto=webp&s=373815f7396ee8f58dde5a6603b43cc21c56b38c	imgur.com	3	0.0	1.0	1	0	0	d5272s.jpg
bh2luz	kinda confused by this cup in japan i think it wants forgiveness not just stating the obvious	https://preview.redd.it/35rd5z2j9bu21.jpg?width=320&crop=smart&auto=webp&s=38bb2b0dc1fc9ecdb1264b4587758e0c9e4d8f67	i.redd.it	6	0.0	0.88	1	0	0	bh2luz.jpg
5528ja	townville elementary firefighter praised for tackling teenage gunman and preventing school massacre	https://external-preview.redd.it/NIXzxiIetb8NmB12WS5Q-PjbEIoBSqqcsdktpxE1Yyk.jpg?width=320&crop=smart&auto=webp&s=8e911cb4f7390d28d6f17ba6fa7e7aaa213910bc	independent.co.uk	22750	1194.0	0.92	1	0	0	5528ja.jpg
cbji3ez	a little late but whatever	http://i.imgur.com/1tM331o.jpg		16			0	2	4	cbji3ez.jpg
2a4vgs	will us cyborgs be the next to deploy	https://external-preview.redd.it/ET1BZ4jNvRPWiXz5OPn_-uyzYSOfm458VAF3Pq2Jr-M.jpg?width=320&crop=smart&auto=webp&s=5cd3fb31c69c53d32a2ea9ae6700bd2b7be0449a	foxnews.com	7	1.0	0.74	1	0	0	2a4vgs.jpg
d2ye48	these bricks have nubs to keep them perfectly spaced	https://preview.redd.it/3mqakah2m1m31.jpg?width=320&crop=smart&auto=webp&s=45351eb0c241bcdb509bb6964169ad1105d34ea2	i.redd.it	15	4.0	0.9	1	0	0	d2ye48.jpg
3zie2i	stoke city fc manager mark hughes gesticulating vigorously	https://external-preview.redd.it/eGwB3xMc3pJOd5o-4OSH60Ken6zoZP0fpfwlBAYdTcc.jpg?width=320&crop=smart&auto=webp&s=e09eac9fbb7697db2d39baed50189824fea6a17d	i.imgur.com	22	5.0	0.86	1	0	0	3zie2i.jpg
5v4m2t	jfk jr playing at the controls of the white house helicopter	https://external-preview.redd.it/KBsjxv7RsOhPhlZKW3Htjnz6uh4hkMeSxzjh7lftBSQ.jpg?width=320&crop=smart&auto=webp&s=ce8d79ce76e1c693c12d0d8ec12a0f1213337662	i.imgur.com	318	20.0	0.97	1	0	0	5v4m2t.jpg
18rzh0	just ignore them	https://external-preview.redd.it/r74oChPVVOA6_EB2AZFy4W4HwQ1ccw3jj2-T1GNSfes.jpg?width=320&crop=smart&auto=webp&s=8100bc79101b820331d401a8211b70d435774f72	imgur.com	14	0.0	0.82	0	2	2	18rzh0.jpg
d462aa	a us navy douglas super dc crash landed in and abandoned on solheimasandur beach iceland	https://preview.redd.it/emh6avcvnkm31.jpg?width=320&crop=smart&auto=webp&s=9bbb5c419ab0783edaafa4a6671d98315e6c261e	i.redd.it	10	0.0	0.82	1	0	0	d462aa.jpg
506tq6	social media adds to panic over gunfire at la airport police	https://external-preview.redd.it/01N9_xyCM2-bTPrBl1lwtHo34lxUywYodoVaels3uvw.jpg?width=320&crop=smart&auto=webp&s=47af9b95d3d52bf3580d8bb9b03197329469098f	reuters.com	3	2.0	0.72	1	0	0	506tq6.jpg
2b7fxq	miss idaho wears an insulin pump on her bikini during a swimsuit competition and becomes a hero to the young type diabetes community	https://external-preview.redd.it/5BfRswz97k0l3p9YO-XiTZSz7dCpEPPIsHU7LiSjJes.jpg?width=320&crop=smart&auto=webp&s=ff9fd496fe568592fedc357fc05ee40abadcf9cc	npr.org	2373	374.0	0.9	1	0	0	2b7fxq.jpg
636voq	this good boy wrapped in a blanket	https://preview.redd.it/e40a9vzuecpy.jpg?width=320&crop=smart&auto=webp&s=9f0cae7938904ef43885834a2db04ad7751bdb02	i.redd.it	5	5.0	0.67	1	0	0	636voq.jpg
c4bcxg9	look at my horse my horse is amazing	http://i.imgur.com/hSnAm.jpg		64			0	2	4	c4bcxg9.jpg
ckmdzov	oh yeah	http://i.imgur.com/jjHZDgP.jpg		5			0	2	4	ckmdzov.jpg
dghpsf	orange juice carton lid looks like a sliced orange	https://preview.redd.it/q33wrr4lwxr31.jpg?width=320&crop=smart&auto=webp&s=f118d5cdc9627c0a9278f2c534512da2b4ebc5a5	i.redd.it	20	5.0	0.72	1	0	0	dghpsf.jpg
cm7vjav	cheese comrade well go somewhere where theres cheese	http://i.imgur.com/vzcZa2u.jpg		2			0	2	4	cm7vjav.jpg
9bvaqt	elvis presley enjoying breakfast with his family in	https://preview.redd.it/azb120hilgj11.jpg?width=320&crop=smart&auto=webp&s=9cfacd656679592e1bdf46957c4ec9242bb9e47e	i.redd.it	9	4.0	0.91	1	0	0	9bvaqt.jpg
co0isjm	kahnnnnn	http://i.imgur.com/LQg0uMP.jpg		7			0	2	4	co0isjm.jpg
2dk38r	somewhat flexible girl	https://external-preview.redd.it/NyOWqtuhHKbfcXmVKxbVgCuBohWOWpeBOs6sC8ZFGUw.jpg?width=320&crop=smart&auto=webp&s=121efab9395283e4c92049d9425a5deafc9ad23d	i.imgur.com	2	2.0	0.75	1	0	0	2dk38r.jpg
ckh1vv7	a rocking picnic with the kids	http://i.imgur.com/9h920Ru.jpg		8			0	2	4	ckh1vv7.jpg
34wy9p	dog with flower crown	https://external-preview.redd.it/hz6tsbLkox86Fq-qmLCc5ocgRWtIyjDrhuR0gleJEP0.jpg?width=320&crop=smart&auto=webp&s=61b8904aa6fd4e41fceeca50479a60bacd50c0d0	i.imgur.com	5198	180.0	0.94	1	0	0	34wy9p.jpg
e0np5wf	amsterdam	https://imgur.com/MG9qUDs.jpg		3			0	2	4	e0np5wf.jpg
dc3v3i	the front page of my notepad has instructions on how to fold a paper airplane	https://preview.redd.it/lnze90uxd1q31.jpg?width=320&crop=smart&auto=webp&s=f1d202d703a5c2f02319820b23258f791be8de41	i.redd.it	31	3.0	0.96	1	0	0	dc3v3i.jpg
dmysc9c	war war never changes	https://i.imgur.com/wZeXC3P.jpg		5			0	2	4	dmysc9c.jpg
3ijf8e	i accidentally created the worst part of the vigilant and dimhollow crypt proximity	https://external-preview.redd.it/nj2QqQLM9ZxfVGB7bdmlF6RDJTpgccwKaT3NjNvRtIs.jpg?width=320&crop=smart&auto=webp&s=4ad3f51158f6c67a983ef9029e5639c14204eb93	steamcommunity.com	3	20.0	0.67	0	2	3	3ijf8e.jpg
ci4y1dw	mine now	http://i.imgur.com/OClEXKr.jpg		1			0	2	4	ci4y1dw.jpg
ckrvyn	the way my potato has grown into two	https://preview.redd.it/o034n2yvmvd31.jpg?width=320&crop=smart&auto=webp&s=5f960f543ae2361f2a9ef519f03d8fa52d63b14f	i.redd.it	10	0.0	1.0	1	0	0	ckrvyn.jpg
y3el9	running from a plane black and white	https://external-preview.redd.it/FflIqqxgP1YA150NYbKi9osak5PYVoB0Nf3BmIeqDzk.jpg?width=320&crop=smart&auto=webp&s=1997cb52037c8a8236ccebecd0bd478b32c5e595	i.imgur.com	10	7.0	0.82	1	0	0	y3el9.jpg
6eluxc	china trying extremely hard on climate bbc news	https://external-preview.redd.it/WDEtvKLrf5uhbPF4vqUiEiYEX2NhVB9bdK5a9yPKBDg.jpg?width=320&crop=smart&auto=webp&s=8a3708786429b1509f208cc2a2e3a5ecfb411f6a	bbc.co.uk	56	2.0	0.87	1	0	0	6eluxc.jpg
d56tx7f	perfume iithe story of monkeys	http://i.imgur.com/01gjbAr.jpg		5			0	2	4	d56tx7f.jpg
zrhcj	the queen and prince philip watching the sack race at the highland games from runitedkingdom	https://external-preview.redd.it/dUCAx43Afocr0Bkpuje2xjSzioXGRdmFyBz3uiozsEQ.jpg?width=320&crop=smart&auto=webp&s=4d1e30385795ef99089e9f27bef28a5462041528	i.imgur.com	2	3.0	0.67	1	0	0	zrhcj.jpg
ckq7q2	cardonly business discriminates against customers who just have milking goats to barter with	https://external-preview.redd.it/2Oi_thUPbUnN4fUMgKs4bnSMXUAzrnDC9vgEGuLtwio.jpg?width=320&crop=smart&auto=webp&s=6173de02af813bad6f93f5d737c1f1d179b41a36	theonion.com	827	6.0	0.99	0	2	1	ckq7q2.jpg
b515nh	wasteland tierra whack	https://preview.redd.it/9idl9tfbn4o21.jpg?width=320&crop=smart&auto=webp&s=6e1b7893833de699b473aa2d8910ff0bfdd58246	i.redd.it	14	0.0	0.94	0	2	1	b515nh.jpg
c8fn9l1	silence of the horses	http://i.imgur.com/4nQJbT4.jpg		17			0	2	4	c8fn9l1.jpg
ccytf46	tried to watch that with subs since im at work	http://i.imgur.com/EexRg3G.jpg		51			0	2	4	ccytf46.jpg
avyebn	the way these dino nuggs stuck together	https://preview.redd.it/5ld9vkbfmej21.jpg?width=320&crop=smart&auto=webp&s=ac71cbc1f3875c0b727c341632d96c0b9485454b	i.redd.it	3	6.0	0.61	1	0	0	avyebn.jpg
998ib8	paul manafort learns hes been found guilty of counts united states	https://preview.redd.it/d3j4lxc5ejh11.png?width=320&crop=smart&auto=webp&s=8aae439ab90ceaa646c2f1e3951552594b8f98a6	i.redd.it	27	0.0	0.92	0	2	2	998ib8.jpg
1xiwoj	now in japan giant cyborg cockroaches	https://external-preview.redd.it/B63VCwgH9UHbZy04oLC_1PeQ-A5a5B3KdfOb0Rw8i5Q.jpg?width=320&crop=smart&auto=webp&s=904ebe473a9d85414eee5b31d37dfaa6159b7f14	popsci.com	9	0.0	0.86	1	0	0	1xiwoj.jpg
daunwv7	look up in the sky	http://i.imgur.com/t2oSiue.jpg		3			0	2	4	daunwv7.jpg
chti059	cutouts	http://imgur.com/yLlOAz4%2ejpg		2			0	2	4	chti059.jpg
ateh42	a wooden car	https://preview.redd.it/o0ddr4ook2i21.jpg?width=320&crop=smart&auto=webp&s=e7118b19c804270f4f29d0c4ef4673961837ec3d	i.redd.it	23	4.0	0.97	1	0	0	ateh42.jpg
c7f0yyz	cmon strop trying to drink it and drink it	http://i.imgur.com/3wEPC.jpg		5			0	2	4	c7f0yyz.jpg
4zsrgn	painting of nebuchanezzar ii	https://preview.redd.it/8ist6rlluuhx.jpg?width=320&crop=smart&auto=webp&s=838913b50d36f7b27f786bd753ea4bd333dc217e	i.redd.it	58	7.0	0.91	1	0	0	4zsrgn.jpg
awatnq	im sad that im a lake	https://preview.redd.it/gv0ejtx87lj21.jpg?width=320&crop=smart&auto=webp&s=d70386e2b141e2dbbdff73a2ed766b2de190f33d	i.redd.it	3	0.0	1.0	0	2	2	awatnq.jpg
21u4y6	white house looks to regulate cow flatulence as part of climate agenda	https://external-preview.redd.it/qZnCkIlPNV22snU30XygrlI7GIFFl4n2ZChRKoGMFxU.jpg?width=320&crop=smart&auto=webp&s=b1d15f5c06fee2a05fb1e4bbaf9d3bfdcb5cd8d1	dailycaller.com	20	8.0	0.82	1	0	0	21u4y6.jpg
des8p30	that fucking tapir	http://i.imgur.com/HJPbwSr.jpg		2			0	2	4	des8p30.jpg
51kmn2	what hitlers son did with his life is shocking	https://preview.redd.it/9llv5h3933kx.jpg?width=320&crop=smart&auto=webp&s=082df12a8ef8d8e3139d83a1db4f4b5e7e1d7a5a	i.redd.it	141	9.0	0.97	0	2	5	51kmn2.jpg
cn8krkb	men trying to understand women	http://i.imgur.com/qRdnyUQ.jpg		1			0	2	4	cn8krkb.jpg
cmzlew	peanut butter potus	https://preview.redd.it/z1weyulsnxe31.jpg?width=320&crop=smart&auto=webp&s=523bad10a7a0e3621011ef0bebd15a1158ffc5f0	i.redd.it	6	3.0	0.63	0	2	2	cmzlew.jpg
c9xf3rb	part of a stunning synchronized swimming performance titled dont let the cat get wet	http://i.imgur.com/fXe988G.jpg		13			0	2	4	c9xf3rb.jpg
cwdcwt	giant takis chip next to a regular takis chip	https://preview.redd.it/5u0azzge63j31.jpg?width=320&crop=smart&auto=webp&s=377157e270a3bc1f47d344cb73e7d2c65ae001b4	i.redd.it	17	1.0	0.81	1	0	0	cwdcwt.jpg
brrkpq	theres a typo on my new nose and ear trimmer	https://external-preview.redd.it/g59vSLI01VifZ82BS9At7Q_LlNvLgWyTff_qIrt6Ej4.jpg?width=320&crop=smart&auto=webp&s=671d67c99c6a9946a7a6b2ba8e4625dbf24cd94b	i.imgur.com	27	12.0	0.87	1	0	0	brrkpq.jpg
1ruy07	coffee grin	https://external-preview.redd.it/DMhg9YM9n3peLwd0judP64kT1mAksSjeXwgSYFgaVh4.jpg?width=320&crop=smart&auto=webp&s=fc27c36284c1793d345bdc50f53ec550a9219a43	i.imgur.com	4	0.0	1.0	0	2	2	1ruy07.jpg
dlv3fod	mistakes were made	http://i.imgur.com/1pN4Qqk.jpg		30			0	2	4	dlv3fod.jpg
1e1383	manti teos fake girlfriend makes maxims hot list	https://external-preview.redd.it/kOK6pcAItM3SNwSnrq4m59xkO4b15sUjM_nQKbFzfDo.jpg?width=320&crop=smart&auto=webp&s=77d06a99a2bd07c9ec6efec0521341a1f2607b2a	abcnews.go.com	92	7.0	0.95	1	0	0	1e1383.jpg
bq8hz7	cigarette that was accidentally bluepainted onto the wall	https://preview.redd.it/z3yrx8blbzy21.jpg?width=320&crop=smart&auto=webp&s=b141bd820a5e170da5ef5c5300cb07e45eba2596	i.redd.it	9	0.0	0.91	0	2	2	bq8hz7.jpg
b6qck6	our calendar predicted the trashtag challenge	https://preview.redd.it/83luy0ow7yo21.jpg?width=320&crop=smart&auto=webp&s=aedafb97ae5382d0e851c0098d7f4bd56e729661	i.redd.it	220	23.0	0.88	1	0	0	b6qck6.jpg
d16kh9j	ben hur chariot race	http://i.imgur.com/G3YXJGy.jpg		17			0	2	4	d16kh9j.jpg
748s2m	sleepy shoe	https://preview.redd.it/b3ksafgvxtpz.jpg?width=320&crop=smart&auto=webp&s=63e91343d195bab8745db615464d3b82364a67dd	i.redd.it	75	3.0	0.98	0	2	2	748s2m.jpg
czgvjsh	identify program	http://i.imgur.com/uL6rwN3.jpg		8			0	2	4	czgvjsh.jpg
6rfrvp	west point chooses cadet simone askew to be the first black woman to lead the corps of cadets	https://external-preview.redd.it/O_d0lNH_v_TvuZDNV2eo5e3uFDEzTq6MKNMIaRDOozg.jpg?width=320&crop=smart&auto=webp&s=bea6590ea2c451b70df74dce642c1a637da3ba1e	army.mil	120	23.0	0.88	1	0	0	6rfrvp.jpg
3tiax7	portrait heres a pic of him sleeping in my hometown	https://external-preview.redd.it/L3bvp3M2XxtNYZwKYIeTSSGxAn_EETM7kB26R6boDqU.jpg?width=320&crop=smart&auto=webp&s=c8cd53059ef3aae3e7c0b26e1720834adf7d5390	soundcloud.com	2	20.0	0.75	0	2	3	3tiax7.jpg
1da4eu	stop amierican beetles by gdr office of government information cold war pamphlet	https://external-preview.redd.it/O5Vfqts8mvPIycJJY1XTlwKLRYr6PVtwZ43A2tZMUYc.jpg?width=320&crop=smart&auto=webp&s=ed99d568d37e8da0adec96e5f270794d547362eb	i.imgur.com	45	1.0	0.92	0	1	5	1da4eu.jpg
dd1p6o	my dog i adopted today has clear nails	https://preview.redd.it/1r9zjhkuyfq31.jpg?width=320&crop=smart&auto=webp&s=8f463987ac705deb18ceda0e6b8e49d50998ef6c	i.redd.it	35	6.0	0.92	1	0	0	dd1p6o.jpg
88u8sl	parents turn life support off but year old cancer baby makes miraculous recovery	https://external-preview.redd.it/Ay-qt5N8VJwZQeQZVpsUIFf3J8C9etwysX4wDZWolSg.jpg?width=320&crop=smart&auto=webp&s=a1b98af724ceb357b8b66b24d28cd989bd0924a7	dailymail.co.uk	451	21.0	0.94	1	0	0	88u8sl.jpg
wvhxj	american indians to celebrate birth of rare white bison in connecticut	https://external-preview.redd.it/IYib_C57_6h75S2LaXtipYpZDdRum87rQeX9UUR2uA0.jpg?width=320&crop=smart&auto=webp&s=42f2dd0b19e0510486ef28e9a9093dc904c75662	denverpost.com	71	8.0	0.96	1	0	0	wvhxj.jpg
84n2vj	google maps has the appearance of a plane	https://external-preview.redd.it/mXCotn4_OvTtEVZGbRJCYPShBFk6eT4bKhkPavhRE1A.jpg?width=320&crop=smart&auto=webp&s=94fbac1bc33e8303b7e282892d6c5d60296bb459	youtube.com	6	40.0	0.88	0	2	3	84n2vj.jpg
dgiuh45	hes loving it	http://i.imgur.com/arc7AVK.jpg		3			0	2	4	dgiuh45.jpg
bxe8iz	this window cleaner	https://external-preview.redd.it/wOSGw0r-pUY4fipaGYGUOYKr-X0mP7mvq3XOEune47Y.jpg?width=320&crop=smart&auto=webp&s=92eacab9007584e36ad9140e0801ce7473750aac	imgur.com	8	1.0	1.0	1	0	0	bxe8iz.jpg
caqz26p	the catch of the day	http://i.imgur.com/3HaANVW.jpg		382			0	2	4	caqz26p.jpg
2d07ws	this guy was not happy about being in the bathroom sink	https://external-preview.redd.it/Sw0W5T0L8_yTkpOQ1sHnUiyDFTN2n_BzKvRqxuoRTiM.jpg?width=320&crop=smart&auto=webp&s=4377458b14aeea477b18b83a4d8e8eaa325770b3	i.imgur.com	7	1.0	0.72	0	2	2	2d07ws.jpg
37t1rr	the scourged back is one of the earliest examples of photography used as in this case by abolitionists in it shows an escaped slave named gordon from harpers weekly his back furrowed and scarred with the traces of a whipping administered on christmas day last	https://external-preview.redd.it/UppxOvNPdIp6uIcdJZHwse0cL8Ob-lEpjG9vfE7tcRE.jpg?width=320&crop=smart&auto=webp&s=53a55414cad87b5cafa1bd5354422ec80ca787ea	i.imgur.com	428	18.0	0.96	0	1	5	37t1rr.jpg
79zhzq	left right left the rad stags	https://external-preview.redd.it/oJpCmk5yG351nPmkRfQSo9OwBbBtAvpXS7so6BDzG0Q.jpg?width=320&crop=smart&auto=webp&s=d828cc54369db295f7b6e347a40bce29453eec9e	imgur.com	2	1.0	0.75	0	2	1	79zhzq.jpg
cbs7mkz	double trouble	http://i.imgur.com/4ZP1iUO.jpg		3			0	2	4	cbs7mkz.jpg
cg7d8pj	ye ye	http://i.imgur.com/cRb87Wp.jpg		2			0	2	4	cg7d8pj.jpg
cepy5yz	merp	http://i.imgur.com/9OF4wDV.jpg		9			0	2	4	cepy5yz.jpg
6ly3wi	advertisement for an expo where wounded soldiers can learn about prosthetics and new skills austriahungary	https://external-preview.redd.it/amm9w16WWHM_P4NcqRkEKa2zyeQpAWFhMz9NFaCjxfw.jpg?width=320&crop=smart&auto=webp&s=f31e5a1acb51237713de4614b0e9c3b410b8d6c9	imgur.com	187	3.0	0.97	0	1	5	6ly3wi.jpg
c965oyo	youre in my spot	http://i.imgur.com/D7kaUQv.jpg		1			0	2	4	c965oyo.jpg
8qgv3r	starlit serenade total eclipse of the earth	https://preview.redd.it/429aw6a1pi311.png?width=320&crop=smart&auto=webp&s=7316e2f0a86c50553fda770fd7d0763f44db62bd	i.redd.it	5	0.0	1.0	0	2	1	8qgv3r.jpg
cighkgu	cutouts	http://i.imgur.com/GA5Mfad%2ejpg		1			0	2	4	cighkgu.jpg
cpueeb8	nein	http://i.imgur.com/K8VQexK.jpg		25			0	2	4	cpueeb8.jpg
8chklk	shadowball	https://external-preview.redd.it/CyQVC8Dhv-d9bYDl93xRUuHpfe82_3NIkT2342nK5LY.gif?width=320&crop=smart&format=png8&s=c447a5217ae01691c73c34b89ccf621fe7340c3d	i.imgur.com	7	1.0	0.57	0	2	2	8chklk.jpg
b1i9qv	simplified science interrobang	https://preview.redd.it/a932xdaarbm21.png?width=320&crop=smart&auto=webp&s=7c1dce886dee310937a83d857e7013769ccceef0	i.redd.it	8	4.0	1.0	0	2	1	b1i9qv.jpg
ci2ksk	this door has a skinny blind to cover the skinny window	https://preview.redd.it/7dtgxmysbnc31.jpg?width=320&crop=smart&auto=webp&s=b2392aaa5d6140cda5914ced199189e4e68d17f8	i.redd.it	3780	52.0	0.98	1	0	0	ci2ksk.jpg
1rm77m	a man in a race getting chased by zombies	https://external-preview.redd.it/c6U3AKlCrHWN9LyG1Up4oUsAGlqZKcKBhEJFvQ1CVsY.jpg?width=320&crop=smart&auto=webp&s=de083b11fcb7f7427e1bca4a3f960c438a74ff46	i.imgur.com	5	1.0	1.0	1	0	0	1rm77m.jpg
5mtce3	a still from the live action movie of beauty and the beast	https://external-preview.redd.it/3nrVw58JPmRLAoNjzkZf-TzF8FPOXBvq7_F0mx2mD2g.jpg?width=320&crop=smart&auto=webp&s=45cf94bbeebdeaecc8ae86924d3e6ba01d2a61d6	i.imgur.com	2	4.0	0.59	1	0	0	5mtce3.jpg
438pgy	detroit topless bars dwarf toss event enrages thousands	https://external-preview.redd.it/qpGNFHpxQDPEj9HIwgsL9QJEbPVB4NEZsIuinhUH_6g.jpg?width=320&crop=smart&auto=webp&s=c21d3914913ec8722b422c2a0b7f909b408d242e	wxyz.com	40	26.0	0.93	1	0	0	438pgy.jpg
8m2qjv	my neighbors playhouse certainly doesnt seem like its having much fun	https://external-preview.redd.it/DQ7A-BMaSlgyvi6zioKbSneymW6_ZGX_DUTtvoeGfAY.jpg?width=320&crop=smart&auto=webp&s=6609bf33ad46c92cf8f01d00446be475a1e7faed	i.imgur.com	70	0.0	0.98	0	2	2	8m2qjv.jpg
c5kc5j	rainbow i saw today had a faint double rainbow	https://preview.redd.it/vo6za2socm631.jpg?width=320&crop=smart&auto=webp&s=7d53ee5fcc5baabbc554ef3d9112a391cd75e150	i.redd.it	5	0.0	0.73	1	0	0	c5kc5j.jpg
3m7nbd	the monster in the meado	https://external-preview.redd.it/V-7L1QgaQDhSensBx-QXL2RR24rJSakfe-jVDyAPe04.jpg?width=320&crop=smart&auto=webp&s=9bde5591a5ca3a21802f1a055d98adc2921cbd9f	i.imgur.com	17	1.0	0.85	0	2	2	3m7nbd.jpg
dkczp1n	one punch conan	http://i.imgur.com/IGwdhat.jpg		369			0	2	4	dkczp1n.jpg
ceoe3e1	welcome to the world of tomorrow	http://i.imgur.com/PmoE23T.jpg		340			0	2	4	ceoe3e1.jpg
3j92fu	a guy in the middle of a disinterested wedding dance circle	https://external-preview.redd.it/Eu684W8h1MkCMwe2FqPRywCJQXH4JRJQWYcJ1cUq838.jpg?width=320&crop=smart&auto=webp&s=acf9a6987755900856b91a04e0a85480c93e017b	i.imgur.com	37	9.0	0.86	1	0	0	3j92fu.jpg
czpgh8e	sex and the country	http://i.imgur.com/DqB2maS.jpg		25			0	2	4	czpgh8e.jpg
cgobdq	numpad puts two leastused letters together on to save space elsewhere	https://preview.redd.it/fe1n3gvolzb31.jpg?width=320&crop=smart&auto=webp&s=bc64de09db2abf1a34bf80617d1e980b2f6fbe31	i.redd.it	12	9.0	0.78	1	0	0	cgobdq.jpg
3lvkvp	jagr sleeps peacefully with yr old	https://external-preview.redd.it/H8HITRlNUThpIVo4cV83qEiHLLytnMhkuiz6IA2JcPE.jpg?width=320&crop=smart&auto=webp&s=f82210deb53229a5e250ecc75501f4027b0da394	i.imgur.com	6	2.0	0.68	1	0	0	3lvkvp.jpg
ccsp44g	now coming to a field near you what moooooo	http://i.imgur.com/UeUDPu2.jpg		5			0	2	4	ccsp44g.jpg
94mw2r	paul brothers with logans famous anti colorblindness eyeglasses in a scooby doo crossover episode circa	https://preview.redd.it/l66ba3jxg5e11.jpg?width=320&crop=smart&auto=webp&s=9d489fdc3311d63f33eec05a3d273c7843e29df3	i.redd.it	14	0.0	0.9	0	2	2	94mw2r.jpg
12krhm	verizon staff arrested for stealing customers nude pics discovered after offer to show banging pictures	https://external-preview.redd.it/87YwfSdOfZnDWR3kUtypv2hUK-_GlWNsa8XE1venfiM.jpg?width=320&crop=smart&auto=webp&s=e1c54d1fda95cfa682c4283fe1239691bce1f36c	theregister.co.uk	15	1.0	0.76	1	0	0	12krhm.jpg
c1uktw	he looks a security guard	https://preview.redd.it/vfyx8y5j00531.jpg?width=320&crop=smart&auto=webp&s=9c59d649322f1d55f2ac34a64c856c1eb38c41b6	i.redd.it	7	0.0	0.83	0	2	2	c1uktw.jpg
c6lepj3	i couldnt think of something funny to name this so here you go	http://i.imgur.com/tnWN6.jpg		51			0	2	4	c6lepj3.jpg
dqy4u36	ramen	https://i.imgur.com/P4Hj3LK.jpg		22			0	2	4	dqy4u36.jpg
cq8kkum	the terrifying movie beaks	http://i.imgur.com/vKjU1Ml.jpg		5			0	2	4	cq8kkum.jpg
7tfkop	chill baby sloth	https://preview.redd.it/dpopugn3doc01.jpg?width=320&crop=smart&auto=webp&s=c98e24b854519ea396d4105ba516480b8d4bf2d3	i.redd.it	235	8.0	0.96	1	0	0	7tfkop.jpg
4vj0rf	over in studioprofessional makeup looks like	https://external-preview.redd.it/L0wTGvLKr7ygmFXmUx7g0lptkGfgWkelLMDoaC74aS8.jpg?width=320&crop=smart&auto=webp&s=f2c9ef7a0fa7a4d1a4ffe808b4c7fb1ff1922874	imgur.com	845	57.0	0.86	0	2	2	4vj0rf.jpg
7p49fa	whale saves unsuspecting snorkeler from shark by hiding her under fin	https://external-preview.redd.it/253DouVkINUOc-SR8cKI6nCm9uqBNvUCMQo-Z0Vcbqo.jpg?width=320&crop=smart&auto=webp&s=35910948ee45406e07bce69f52d0c2dcf4bd0a9f	mirror.co.uk	31	0.0	0.85	1	0	0	7p49fa.jpg
7gjyrd	saiyan warriors vegeta and nappa make preparations to travel to earth in the hit anime series dragon ball z	https://external-preview.redd.it/UuSua6a8lR_YkGqVqjQKyLyshm58uS_8MQsckX-o1tg.jpg?width=320&crop=smart&auto=webp&s=200817c5671c80853486e52f6a30780fb795d9c6	imgur.com	3	0.0	0.8	0	2	2	7gjyrd.jpg
8fqql5	bassiti spatial vibes	https://external-preview.redd.it/1p2T6MU5NHOLzEaLwvbrYHVktrT8rUS52uZlY3_7QcY.jpg?width=320&crop=smart&auto=webp&s=eaded5e1bea7452b65a43abd83fcde83db589a7c	imgur.com	2	2.0	1.0	0	2	1	8fqql5.jpg
271gaq	britain snorts so much cocaine its now in their water supply	https://external-preview.redd.it/7bYj4JFBiXOzXsPu9bwKUvtWLQFiPr45uvJUIU9yf0U.jpg?width=320&crop=smart&auto=webp&s=75b81d5249ae0051b749d1fa454573c2429ed78b	hightimes.com	338	66.0	0.77	1	0	0	271gaq.jpg
2jmzeh	a poop bank in massachusetts will pay you every day	https://external-preview.redd.it/3gfe_EGONmzORowrg-7B207bvyHZ-XFiH-dqI6fjFHM.jpg?width=320&crop=smart&auto=webp&s=6c6c0af97efa09127b7c26d3da987a870df27cf4	boston.com	17	5.0	0.75	1	0	0	2jmzeh.jpg
34gr7e	a guy pretending to hold the big ben	https://external-preview.redd.it/PUsntDRJlYy7Xp6pANOOzoJGoD4EBYpRe1ZrRzpvGUs.jpg?width=320&crop=smart&auto=webp&s=6d3ab4cc158e193bb54c5016fd99c7551d000d85	i.imgur.com	2	2.0	1.0	1	0	0	34gr7e.jpg
c6bi0i4	he never had great coordination	http://i.imgur.com/d8IgW.jpg		247			0	2	4	c6bi0i4.jpg
ciooudw	obligatory beyonce shops	http://i.imgur.com/zUt1fy9.jpg		8			0	2	4	ciooudw.jpg
c6hay9j	turned out a lot worse than i thought it would	http://i.imgur.com/OBOHw.jpg		1			0	2	4	c6hay9j.jpg
2v7ici	stoned looking kid weighing catfish	https://external-preview.redd.it/b5J37ughf5TuUd_lDJD8wUQhO-VQz9TwthUeXVB3wcI.jpg?width=320&crop=smart&auto=webp&s=75b1bd53fee6b5a8ae932a9f6b6811282b74501d	i287.photobucket.com	2	3.0	0.75	1	0	0	2v7ici.jpg
chd63vm	deleted scenes never shown ambassador meow from the kung pow galaxy	http://i.imgur.com/lKfR5cl.jpg		2			0	2	4	chd63vm.jpg
c7vic9x	a little extra more	http://farm9.staticflickr.com/8335/8371632015_3d080a10d1_b.jpg		15			0	2	4	c7vic9x.jpg
c84aag5	swim away	http://i.imgur.com/ipHwS9m.jpg		71			0	2	4	c84aag5.jpg
cwv4up	the different body figures the peach created while growing seen from multiple different povs of the peach	https://preview.redd.it/rnd99s310bj31.jpg?width=320&crop=smart&auto=webp&s=024ae8f51ebc079316828e028785159ed09ed3d5	i.redd.it	9	4.0	0.81	1	0	0	cwv4up.jpg
c860a4r	as out first order of business we must put him out of his misery	http://i.imgur.com/uk4g5nm.jpg		3			0	2	4	c860a4r.jpg
d6rhbk5	the elders elder wand	http://i.imgur.com/02wFb7Y.jpg		2375			0	2	4	d6rhbk5.jpg
c5lkiib	laughing former gov mass	http://i.imgur.com/YIprb.jpg		621			0	2	4	c5lkiib.jpg
dcnoxe	these deepwater fish farms could help natural stocks recover	https://external-preview.redd.it/fpZG_A4E_57EjP7GhvgMm9UGyDJMzktzzYO63TPbRWw.jpg?width=320&crop=smart&auto=webp&s=ea42ab76db6bf5f4cc938f238a6bb75a50e92671	weforum.org	33	1.0	0.92	1	0	0	dcnoxe.jpg
diorm4	this pancake maker	https://preview.redd.it/brbe2wn1fws31.jpg?width=320&crop=smart&auto=webp&s=691146cd84698562b50a36bd23d4b225a805f825	i.redd.it	289	51.0	0.94	1	0	0	diorm4.jpg
cfr8kcs	other discussions	http://i.imgur.com/CFoHCW2%2ejpg		1			0	2	4	cfr8kcs.jpg
2r038n	fox news host worries what regulating trans fats in sprinkle doughnuts means for freedom	https://external-preview.redd.it/7E5d8rSvwZfnwOhgYclX6_BM_BfP5oolRTD7Xfhq0fI.jpg?width=320&crop=smart&auto=webp&s=2079c47652943afdd050e2936db3d0c7df7777a3	slate.com	710	212.0	0.83	1	0	0	2r038n.jpg
35mexy	adultsonly hotel causes controversy in cumming	https://external-preview.redd.it/QabR1yBPoi1IP0V1OALEZ5bD-cGs4SSWC-hnOZzDeqw.jpg?width=320&crop=smart&auto=webp&s=83b07603789fe2519182844071722e192d1f6733	wsbtv.com	2	3.0	0.67	1	0	0	35mexy.jpg
1m7jki	a group of revellers in a lincolnshire town were caught by cctv cameras as they fixed a bike rack on a night out	https://external-preview.redd.it/LWehS2cJ9eqDzJKLxxEYNrYk-E9QG8crjWp5seEFM8Y.jpg?width=320&crop=smart&auto=webp&s=5c8e14334311bd63418868139bcbbd9f39375b73	bbc.co.uk	342	23.0	0.99	1	0	0	1m7jki.jpg
cb66sx1	other discussions	http://i.imgur.com/6kemiZf%2ejpg		1			0	2	4	cb66sx1.jpg
6mhbdj	news donald trump jrs meeting with a russian lawyer what we know so far	https://external-preview.redd.it/3CrRMmWiYZjiTZaAU5_xull5W6i9qTOAiS1-gF2Ui0k.jpg?width=320&crop=smart&auto=webp&s=8e436fdda300695cb8a008c4b4e94efe9ceea373	clickhole.com	7	0.0	0.71	0	2	1	6mhbdj.jpg
bv36i9	dont let that shadow touch them american warbonds	https://preview.redd.it/dgil0l6t6h131.jpg?width=320&crop=smart&auto=webp&s=4a73e3285cdf2cce0c88d8841b0f5fb14fb587aa	i.redd.it	162	14.0	1.0	0	1	5	bv36i9.jpg
249ezx	police arrest potato weilding man	https://external-preview.redd.it/5ePix7tWgfzQa10mPJw0lk2Ka_R6svhk8liKLqYD7fI.jpg?width=320&crop=smart&auto=webp&s=b925f82245807edbbe80e583fe2839c59564f9b3	i4u.com	3	1.0	0.81	1	0	0	249ezx.jpg
8xkaap	mitch mcconnell responds to being forced out of kentucky restaurant	https://preview.redd.it/332203adt0911.jpg?width=320&crop=smart&auto=webp&s=7dccd427da22f3f9cde3092bb8f75fedb78efdab	i.redd.it	11	1.0	0.79	0	2	2	8xkaap.jpg
c27aas	every room in my house uses a different lightbulb	https://external-preview.redd.it/Q3vyfyYfnXnvgxTgRznOmyk-BUggwfXeSjybIUMuGls.jpg?width=320&crop=smart&auto=webp&s=8b5141e1f322f73ea485c50a795d2e4cb92f6a95	i.imgur.com	9	13.0	0.84	1	0	0	c27aas.jpg
1121as	mitt romney is hungry	https://external-preview.redd.it/L_dJyoizIl7x0zXsJIn-aADH2-TVeYsRe4Xuqlqxtes.jpg?width=320&crop=smart&auto=webp&s=3043842301671239c5f936d4775352b631b89e49	i.imgur.com	9	7.0	0.7	1	0	0	1121as.jpg
2mombb	owners save dog from the clutches of large python	https://external-preview.redd.it/U81c9FTqGg-3R1gw21VQ6BQmlR4rcR9klHuFDZ3q2Sw.jpg?width=320&crop=smart&auto=webp&s=62ec03054dbb589f935ef4fcfb3738d4fcfa934d	telegraph.co.uk	11	1.0	0.84	1	0	0	2mombb.jpg
aucenu	an abandoned train car in the middle of downtown of my town	https://preview.redd.it/olljvct0xki21.jpg?width=320&crop=smart&auto=webp&s=77c2388935b30d37290a5453bdb4d023f8eeaa9e	i.redd.it	15	5.0	0.85	1	0	0	aucenu.jpg
cu1e822	shredding for days	http://i.imgur.com/0nh4beW.jpg		14			0	2	4	cu1e822.jpg
ax1ugl	barren river a study of theoretical concepts	https://preview.redd.it/rq9eq4emk0k21.png?width=320&crop=smart&auto=webp&s=3531c70584dd4e430f5690bcd98bb00921ce14fc	i.redd.it	11	0.0	1.0	0	2	1	ax1ugl.jpg
e65ryio	here ya go	https://i.imgur.com/vM0DSh3.jpg		192			0	2	4	e65ryio.jpg
doj8rvr	walkaway	https://i.imgur.com/SkNZu2i.jpg		167			0	2	4	doj8rvr.jpg
3jcjg2	obama holds the stuffed teddy bear that chris christie won for potus as they toured the jersey shore boardwalk following hurricane sandy	https://external-preview.redd.it/sbAgYb-0K79rtuyAc7Z5Hx2pmUsHLOBQhUhgZ6t790Q.jpg?width=320&crop=smart&auto=webp&s=9f1e4d30f7e43d172f49d233bf4adcc06bd5ff67	i.imgur.com	3	3.0	0.8	1	0	0	3jcjg2.jpg
9hwuun	want to convince someone that youre human this one word could do the trick	https://external-preview.redd.it/zdETjUmXwm44rsbZxE7ZRnMABnmx8oP0ZxZgHV1GhYw.jpg?width=320&crop=smart&auto=webp&s=5f96642e9764fb17c6b6a41d2c491bee966346bd	web.archive.org	56	3.0	0.94	0	2	5	9hwuun.jpg
68j1pk	lion	https://external-preview.redd.it/cB-KjAcYDYZLvnfNE2FLml9YN_OhCfEuMLWBJMzhYTI.jpg?width=320&crop=smart&auto=webp&s=7286cf7a1c97e6dcbd1a899ed9267a5bf159eb80	i.imgur.com	6	1.0	0.88	0	2	2	68j1pk.jpg
6gc0r4	team trumps plan to go after comey sounds a lot like illegal retaliation	https://external-preview.redd.it/Stq5pBDa7iCWn-fWq_5XJ2bn4ZdgmpRqnu0eG1tBWIk.jpg?width=320&crop=smart&auto=webp&s=4dcbf74117dd8af487b0e78c72bdf7a74bd927cc	lawnewz.com	3	5.0	0.6	1	0	0	6gc0r4.jpg
casldci	best	http://i.imgur.com/8k8tVbL.jpg		166			0	2	4	casldci.jpg
28kofs	happy coffee d	https://external-preview.redd.it/aG6sd-GZ4Ba1l-_iEkxOrSdqF9yxUjwETvpH78H8ZVo.jpg?width=320&crop=smart&auto=webp&s=2bf23a29675f7393d9ceafd845351cf2e173339f	i.imgur.com	2	0.0	0.76	0	2	2	28kofs.jpg
1uvqq3	a man walked miles to court in freezing cold temperatures	https://external-preview.redd.it/R_JDlb8bcAS9u-s6in8OsDza6s2VBFfgh0mgFkSwozc.jpg?width=320&crop=smart&auto=webp&s=6f95e97dde344189fb10993e8697d600fbd8a4b4	theblaze.com	26	8.0	0.85	1	0	0	1uvqq3.jpg
6gghpe	a small island at night picture taken by satellite	https://preview.redd.it/ykvtuf42uu2z.jpg?width=320&crop=smart&auto=webp&s=ac2347cb5f27795105fffe1b05101190ace7608e	i.redd.it	9	1.0	0.9	0	2	2	6gghpe.jpg
d2soor	jesus casts out the merchants from the temple circa ad	https://preview.redd.it/9zy9rkhzpzl31.jpg?width=320&crop=smart&auto=webp&s=3e9a4bbf5c9540d66b64f7844df2ddbb3bf16331	i.redd.it	140	3.0	0.98	0	2	2	d2soor.jpg
6rnpjd	photograph of a close up fox	https://preview.redd.it/d2r5mh05jsdz.jpg?width=320&crop=smart&auto=webp&s=34712e03ea3793c3171a85edf7de9f954c7d2c18	i.redd.it	93	6.0	0.94	1	0	0	6rnpjd.jpg
cb7d3m	japanese culture in a japanese resteraunt	https://preview.redd.it/s9p10cihlc931.jpg?width=320&crop=smart&auto=webp&s=613b8a71be8c91536c261e2a8ed2804ed1c3a186	i.redd.it	11	4.0	0.82	1	0	0	cb7d3m.jpg
ba02yf	the coal cost crossover economic viability of existing coal compared to new local wind and solar resources	https://external-preview.redd.it/w_7_1w5xqGzvHPNf-bPZFqpop8HSBr1pRaADQ7KkgiA.jpg?width=320&crop=smart&auto=webp&s=66cd952744cd2706eb4157b98bc3e4efd01092b5	energyinnovation.org	8	0.0	1.0	1	0	0	ba02yf.jpg
bp4xdn	my hotdog buns were cut on the top	https://preview.redd.it/fmrshjswggy21.jpg?width=320&crop=smart&auto=webp&s=51607a67e295928f5b0b37a33d91de70a4ee1481	i.redd.it	8	33.0	0.61	1	0	0	bp4xdn.jpg
chkz73g	hehe	http://i.imgur.com/4M40LUp.jpg		2			0	2	4	chkz73g.jpg
d2dev6z	obligatory	http://i.imgur.com/qGXY0uH.jpg		282			0	2	4	d2dev6z.jpg
e56b76f	that one kid in class that knows all the answers in the textbook but gets nervous around girls	https://i.imgur.com/n06a1Vt.jpg		-8			0	2	4	e56b76f.jpg
650rdn	jeff de young the dog who saved my life and came to live with me	https://external-preview.redd.it/n1BO6O9gQNMnXqTKMxZgc3e4RwLYEmKEHnAuDze4IaA.jpg?width=320&crop=smart&auto=webp&s=fc1a2623c0e3c08110539859b0e93e6e89442d9f	bbc.com	16	0.0	0.91	1	0	0	650rdn.jpg
b3uo57	my cars radio got possessed last night	https://preview.redd.it/foszymkmuin21.jpg?width=320&crop=smart&auto=webp&s=78dac605f1e1d6aaa95f737944d6af0855dec0b4	i.redd.it	11	5.0	0.93	1	0	0	b3uo57.jpg
3e146f	do i see a cat and turtle or need to up my meds	https://external-preview.redd.it/vbkFCqbXy6Xz8nxhZBsRNFHUrdBq810qjZSDo5ckSK0.jpg?width=320&crop=smart&auto=webp&s=81ed194b30780f781bd4a7a714ac8d9a912349e2	imgur.com	2	1.0	1.0	0	2	2	3e146f.jpg
2feunp	isis wallet changing name to softcard to avoid confusion with terror group	https://external-preview.redd.it/ul8_6V-QAP9ZgZ7GmEhcz8_umHoYcz_QAOfWmlQqx5w.jpg?width=320&crop=smart&auto=webp&s=ccd7290dcfb5b3472b8d4b11fe22f5a5153aed76	nydailynews.com	26	3.0	0.79	1	0	0	2feunp.jpg
9h5scp	saw a woman dressed as a cow pushing a cart return machine down the road today	https://preview.redd.it/c46zqs1dk7n11.jpg?width=320&crop=smart&auto=webp&s=2ab963d144291ffbb110f3c027e047e9c69c187c	i.redd.it	2	2.0	0.6	1	0	0	9h5scp.jpg
cozge0m	kamehameha	http://i.imgur.com/AxBYUwK.jpg		15			0	2	4	cozge0m.jpg
4j5z61	but thats none of my country fwd everyone is racist except me fwd take it back from the s	https://external-preview.redd.it/tXdZzuml9ikNSBmWgJPr6JcvbvubIAdOA_EVxZ-APA8.jpg?width=320&crop=smart&auto=webp&s=9aa9d837a87a3a4d56550337340c72b8ed6a5367	imgur.com	154	20.0	0.93	0	2	3	4j5z61.jpg
9i25dk	really cooooool sign	https://preview.redd.it/8v3rfvn98un11.jpg?width=320&crop=smart&auto=webp&s=5da53ef6d73c1be78b9de6c3bfcf18d982924dac	i.redd.it	9	2.0	0.7	1	0	0	9i25dk.jpg
9egvla	it almost feels like these two frog cakes are alive	https://preview.redd.it/fvpftiw2bal11.jpg?width=320&crop=smart&auto=webp&s=a40055f2755d0f4252942df8141fd9c8de106db9	i.redd.it	3	0.0	0.64	1	0	0	9egvla.jpg
cdgayjs	one hell of a drug	http://i.imgur.com/RB2fS0M.jpg		233			0	2	4	cdgayjs.jpg
bjjj8d	years ago today the us officially defeated all the terrorists	https://preview.redd.it/susvs6rvrmv21.jpg?width=320&crop=smart&auto=webp&s=009af8ac4d7aab794d13ee595f5dd23186776dc9	i.redd.it	91	2.0	0.97	0	2	2	bjjj8d.jpg
dl4f4zx	man shooting with a nerf	http://i.imgur.com/kHXW3EC.jpg		1			0	2	4	dl4f4zx.jpg
clid4fe	cutouts	http://i.imgur.com/jL3oC6M%2ejpg		1			0	2	4	clid4fe.jpg
dbqf4no	muffled screams	http://i.imgur.com/spSNrMV.jpg		5			0	2	4	dbqf4no.jpg
d21qero	blue marble	http://i.imgur.com/sLpdOZ5.jpg		3			0	2	4	d21qero.jpg
9eqr5q	my dads wood glue expired in but it works perfectly fine	https://preview.redd.it/c8jynhxf0hl11.jpg?width=320&crop=smart&auto=webp&s=daf941c082ee73597cb878d9887b869eac5ed1a4	i.redd.it	7	5.0	0.77	1	0	0	9eqr5q.jpg
6dc0pc	cat standing on two feet	https://external-preview.redd.it/urHmvocKIzTMmMWTHqofzwfogNLk7qrcAThcqEXzREk.jpg?width=320&crop=smart&auto=webp&s=3510e3eeb4b2b6a37a01e579cad507850380fd2a	i.imgur.com	18	8.0	0.89	1	0	0	6dc0pc.jpg
67fvvn	happy people will be born under the soviet star painter v govorkov publisher izogiz izogiz collection of the state central museum of contemporary history of russia russia moscow	https://preview.redd.it/sno423z5noty.jpg?width=320&crop=smart&auto=webp&s=a94ee12bf3e5a9a76830b5cbf2823f40d89609cf	i.redd.it	19	1.0	1.0	0	1	5	67fvvn.jpg
cz59be2	rainbow vomit spray	http://i.imgur.com/PrFClvq.jpg		741			0	2	4	cz59be2.jpg
clpgya8	fully adjustable	http://i.imgur.com/qcBDj3e.jpg		6			0	2	4	clpgya8.jpg
5bve6j	global greening has slowed rise of co in the atmosphere study finds	https://external-preview.redd.it/1gVRUz5Ag_sIfg5doJlTKNBbWLS4_qi7IrX1OUu9DsU.jpg?width=320&crop=smart&auto=webp&s=ae8d65208d4df4f1b97a18f0a8790201f27a25a7	theguardian.com	236	5.0	0.98	1	0	0	5bve6j.jpg
c5fdqc	the afrikakorps dominates their enemy	https://preview.redd.it/wrpdnz9rik631.jpg?width=320&crop=smart&auto=webp&s=9fc2bf5b3a26cba9135cb95fb67de3359dc690ae	i.redd.it	9	0.0	0.77	0	2	2	c5fdqc.jpg
asobwi	the majestic flamingo man on his commute to work	https://preview.redd.it/rr44804n6qh21.jpg?width=320&crop=smart&auto=webp&s=0d623c8a7711065974175a79dd3b95587a2ab365	i.redd.it	116	3.0	0.91	0	2	2	asobwi.jpg
5t5nwu	make our homes and streets safe by charles teenie harris	https://external-preview.redd.it/WcoBiU2wa-o4nP4RhcMuoPQt5jfV7Lla-h23Ihd2Nno.jpg?width=320&crop=smart&auto=webp&s=0316304ed31d462e164c35f0cb3cc71d37b82671	imgur.com	57	10.0	0.99	0	1	5	5t5nwu.jpg
9hlqt0	this banana is really straight	https://preview.redd.it/db4jwmb0gin11.jpg?width=320&crop=smart&auto=webp&s=1a478e5437f8b950a47893e51530926be34208d4	i.redd.it	4	6.0	0.63	1	0	0	9hlqt0.jpg
2xzb72	today i noticed a familiar shape on my soda label	https://external-preview.redd.it/3ufteenuv5XUuT5FQUn09nW698e5YDS2fnIqoHL5l3Q.jpg?width=320&crop=smart&auto=webp&s=e93519fffa384cf1df328164abf2566978b051e7	i.imgur.com	35	3.0	0.76	0	2	2	2xzb72.jpg
234v95	gabe newell chilling with the ladies	https://external-preview.redd.it/8raR0-uhF7eXTbIat5r7nNJWeD79gFgeANxzkY-5MFQ.jpg?width=320&crop=smart&auto=webp&s=2c3dabd907f3b31bc3ae70507fb6c3bd070568a0	i.imgur.com	18	3.0	0.72	1	0	0	234v95.jpg
crty6zb	giraffe guy	http://i.imgur.com/3hsrAUJ.jpg		1			0	2	4	crty6zb.jpg
c2hy8q	a bird flew literally into my truck today	https://preview.redd.it/199m1h0msb531.jpg?width=320&crop=smart&auto=webp&s=e776248842f0a5b08fa20e3dbc6a47d2c965fbd2	i.redd.it	93	11.0	0.94	1	0	0	c2hy8q.jpg
9jmlf9	my screen protector came sealed from the factory with the protection of god	https://external-preview.redd.it/4KP_v7VbGdV55z-ytPT9bOFvL0rX5cJG0yh9APozN1M.jpg?width=320&crop=smart&auto=webp&s=0c9cfe69933cf7264cc16a34f492f2d48030ecec	imgur.com	12	1.0	0.87	1	0	0	9jmlf9.jpg
9f3mcd	furry fungus growing on a a bag of potting soil	https://external-preview.redd.it/_SdPU-ydYf-rTmP1Q7omEDG4EfxSCgkRBXSaFL3FlmE.jpg?width=320&crop=smart&auto=webp&s=29db05b1955c88ee72884631678914da938c0b6a	i.imgur.com	10	1.0	0.79	1	0	0	9f3mcd.jpg
533s2a	mkbhd playing ultimate frisbee	https://external-preview.redd.it/otjJ-mV2d5I_SIizwtNwLbfKsDAGVd3xTKpMOTb9ojQ.jpg?width=320&crop=smart&auto=webp&s=9a9cfba65d08fe62f6e601b7bc095d760a4a9974	i.reddituploads.com	4	2.0	0.67	1	0	0	533s2a.jpg
2nint9	man at airport pissed that other people had same idea to go home for thanksgiving	https://external-preview.redd.it/8pbdV8iR5nahw2vz7tOZeU5q7OOu1YT7ld6COW_2zwk.jpg?width=320&crop=smart&auto=webp&s=bc3849d2cfbeb7a78f3dc627561fd8c322f887ec	theonion.com	30	0.0	0.9	0	2	1	2nint9.jpg
7evgiy	two cows wearing vr headsets	https://external-preview.redd.it/qKNP1HChf5iUmjdhc4EoShVZKdwVOUidnhNF4bUK3pk.jpg?width=320&crop=smart&auto=webp&s=00e7c33e5f019df84614a106e4981288d3dd9b90	i.imgur.com	9	3.0	0.72	1	0	0	7evgiy.jpg
6gted4	file storage room in the czechoslovakian ministry of social security	https://external-preview.redd.it/vMMslNLT5P8Hn4FFiwsPPSkN8Z3b9IsMO4hCVAcvHR8.jpg?width=320&crop=smart&auto=webp&s=a290267eecf1013f1b96feea602831bc23767a9f	i.imgur.com	7	1.0	0.82	1	0	0	6gted4.jpg
95nr36	an ancient roman senator reclining in his villa after a tense debate with the tribune of the plebs bc	https://preview.redd.it/1t7qr2s4gwe11.jpg?width=320&crop=smart&auto=webp&s=802d6c7295985833d7462215684db2cff2a60eda	i.redd.it	17	1.0	1.0	0	2	2	95nr36.jpg
bxlq5p	robot at the barbican centre in london makes cocktails for you	https://preview.redd.it/8gvzhqzlss231.jpg?width=320&crop=smart&auto=webp&s=1703c51e028c27cd33f8d4fcd872b04ab0ce9057	i.redd.it	48	5.0	0.95	1	0	0	bxlq5p.jpg
ckiu22l	like a father like a son	http://i.imgur.com/GXZQ1gm.jpg		1287			0	2	4	ckiu22l.jpg
6b9f5c	this tree looks like a dragon	https://external-preview.redd.it/R0a_wrmQM9exVhvShRAdX9lO7AQuavDXIAKLBl3op7A.jpg?width=320&crop=smart&auto=webp&s=a37d8d33f4723cb83f9c6192b5b9f89371465d60	i.imgur.com	9044	74.0	0.96	0	2	2	6b9f5c.jpg
c2o1bt	ambulance refurbished into a restaurant car	https://preview.redd.it/1b9tcdrd8e531.jpg?width=320&crop=smart&auto=webp&s=fb019647a2fe2b7dfec260dffab02c1110bed84c	i.redd.it	9	0.0	0.85	1	0	0	c2o1bt.jpg
2423c4	duchess of cambridge playing cricket	https://external-preview.redd.it/_Nku-37ns4f2AeZDyPzgWzEZbIl68iZjXRtvV1RNMeU.jpg?width=320&crop=smart&auto=webp&s=109c2986fae51b54db6874cf2a3104f747a4015b	i.imgur.com	323	34.0	0.93	1	0	0	2423c4.jpg
b07hp0	a desk made out of a tesla found at the office of an early investor in tesla	https://preview.redd.it/016n92xgrol21.jpg?width=320&crop=smart&auto=webp&s=8406ccb7078d0c96ebe63bb3669e6fb80bff8156	i.redd.it	169	13.0	0.95	1	0	0	b07hp0.jpg
cpn6gfl	immmmmmm gonna get the baby	http://i.imgur.com/qnVYbY3.jpg		19			0	2	4	cpn6gfl.jpg
2dnnh1	pope francis organizes soccer match to promote israelipalestinian peace	https://external-preview.redd.it/OS0yxuUOHgcgh0-uTnqM03-_3O1j93QcDM7_DO0OxyA.jpg?width=320&crop=smart&auto=webp&s=3d85acce657924229986943d6ad6d4ac41d2803f	si.com	4	0.0	0.59	1	0	0	2dnnh1.jpg
11uzaw	my vet friend just unblocked this cat which means gave it a catheter	https://external-preview.redd.it/H2l8MMqhIC_scNHhBtOW9KwUtKFXBHzmkGxYUyftyl8.jpg?width=320&crop=smart&auto=webp&s=b3b77cc9f7e5bcca1d6345f64b368e66232e21fb	imgur.com	721	35.0	0.93	1	0	0	11uzaw.jpg
28r15r	this murican from the world cup	https://external-preview.redd.it/6mmITFBUFe6yZkgg4HPr90OicGs7rkhwgOxiCodxXMU.jpg?width=320&crop=smart&auto=webp&s=f998402ff3b4b0f36795129cc972eac18f1e9934	i.imgur.com	5	3.0	0.73	1	0	0	28r15r.jpg
cm0bnt	my great grandmothers year old grape vine	https://preview.redd.it/vyi7iw37fhe31.jpg?width=320&crop=smart&auto=webp&s=68b31b177810f1c4a2f8d6a725e08c5d3911254e	i.redd.it	32	2.0	0.96	1	0	0	cm0bnt.jpg
c8338v5	super fox world	http://i.imgur.com/WTSPH3R.jpg		7			0	2	4	c8338v5.jpg
1pmtb0	matt lauers halloween costume	https://external-preview.redd.it/rIx-qyT2ADEHVVds58uXD_l-7YatTakd23OhNnzO0h8.jpg?width=320&crop=smart&auto=webp&s=46f3bdfd641e1259f5759f70a33d115e857f7f16	i.imgur.com	10	3.0	0.91	1	0	0	1pmtb0.jpg
3spj44	the bannisters at work are tired and scared	https://external-preview.redd.it/1KVmBL384GBjdbVBUU0_BoMKvpHbeEHQm2yxfR8KvGA.jpg?width=320&crop=smart&auto=webp&s=deaa348aabaf6d863269947624c5747ec72cae14	imgur.com	6	0.0	0.87	0	2	2	3spj44.jpg
dkbl0s	wife made pumpkin bars with cream cheese frosting i made my index finger look like edgar winter everyone wins	https://external-preview.redd.it/4YPT9La78Ox3O7HIAWBMTpS-vnUlGSB1zZLjWH07dWw.jpg?width=320&crop=smart&auto=webp&s=f0b539066be6b1d0939f91b27abcc482b58f87e4	imgur.com	14	5.0	0.85	1	0	0	dkbl0s.jpg
74906k	news power move purell just announced that if the catholic church doesnt start selling indulgences again they will	https://external-preview.redd.it/xO7kNu2fTmoFPfs2ZIYhLnDHEPQKoB5no3B_IXrSqKo.jpg?width=320&crop=smart&auto=webp&s=b0233f3458697948a5704abce25ce9057a9fd059	clickhole.com	53	1.0	0.9	0	2	1	74906k.jpg
c3rdklv	come and see	http://i.imgur.com/WIgam.jpg		10			0	2	4	c3rdklv.jpg
ctty8m5	to the future	http://i.imgur.com/neiNC3x.jpg		1			0	2	4	ctty8m5.jpg
5wzda4	michael jordan michael jackson and macaulay culkin in the s	https://external-preview.redd.it/RxOxsMCR1bB0dj-v88cpZ-E7IFlk2oMkLCc9M-DMBxo.jpg?width=320&crop=smart&auto=webp&s=bac33dc5712d192351521224a0be014a74b634ca	ae01.alicdn.com	8	3.0	0.79	1	0	0	5wzda4.jpg
6lu4yc	cat in a window	https://preview.redd.it/mjj2xxkjm68z.jpg?width=320&crop=smart&auto=webp&s=e1742a8a5f04396adb14b4cfb9c99d187bde3696	i.redd.it	2	1.0	0.75	1	0	0	6lu4yc.jpg
bl4i78	this ant hill in my backyard is happy	https://external-preview.redd.it/MYeTzthYChSF83qaB_oje2CvSoI8Fe1dTSrjP3XTaGA.jpg?width=320&crop=smart&auto=webp&s=52f4a6163f7ee6f81dd71acd1e18a820b9e9af63	imgur.com	3	0.0	0.81	1	0	0	bl4i78.jpg
3csr8n	little girl in a white dress looking out a window	https://external-preview.redd.it/PwEtMoKSLV6YSSn3kpk-UyRocldOPcAEAGqQO9XoO2k.jpg?width=320&crop=smart&auto=webp&s=87f9ff5781ff0b8153faba6f7387211fa953b0bf	imgur.com	100	6.0	0.86	0	2	2	3csr8n.jpg
ast6l3	my chemistry textbook has hydrogen separate from all other elements on the periodic table	https://preview.redd.it/6kls2vpx7sh21.jpg?width=320&crop=smart&auto=webp&s=65c02d59eb804cb3bff57b6a8fcf5f7a5d8fe7a4	i.redd.it	9	9.0	0.84	1	0	0	ast6l3.jpg
b16uhm	update	https://external-preview.redd.it/lHzuLopcEYPjymizJtgmMCmfDaG0TRkdlF0pb-jWGmI.jpg?width=320&crop=smart&auto=webp&s=0374442a3ea52a691a7ac5cc1cf3ac92be0cd996	wsaz.com	80	12.0	0.96	1	0	0	b16uhm.jpg
3xicjj	this frozen wrapping paper	https://external-preview.redd.it/HBNLHgCa5sEqLcUQ7GRowOU3PubESg2_03Uv4LFrufI.jpg?width=320&crop=smart&auto=webp&s=be5cd76ab9f19874b4dcb6f9c3e8e03614c5275e	i.imgur.com	5	4.0	0.86	1	0	0	3xicjj.jpg
8cd1ou	train heading out of the city	https://preview.redd.it/rsz75m8z40s01.jpg?width=320&crop=smart&auto=webp&s=82b65136126ee307638ed6df71687cdc1b938a91	i.redd.it	148	5.0	0.87	1	0	0	8cd1ou.jpg
2x86bl	death row inmate dies of natural causes days into execution	https://external-preview.redd.it/T2Z9xhJGb-g0z0Ly4tE-nJFtY50Z1tmS5gYPzSG_kp8.jpg?width=320&crop=smart&auto=webp&s=14bc3f66a86f981242af2d706832a6f292dcaf0e	theonion.com	60	0.0	0.94	0	2	1	2x86bl.jpg
8lm4m0	new nfl policy requires all players to honor patriotic spirit of subservience that american flag represents	https://external-preview.redd.it/AvE4QSjirwjMQ9DAgeIUlRLhLRj--3GkQH23xh0d1fM.jpg?width=320&crop=smart&auto=webp&s=066475f4540d17678a0ff0e12d154df1e45da95f	sports.theonion.com	44	0.0	0.95	0	2	1	8lm4m0.jpg
d4zke0f	ftfy	http://i.imgur.com/HIk7TXK.jpg		92			0	2	4	d4zke0f.jpg
2qgx7l	looking out onto an ocean shore through a rocky archway	https://external-preview.redd.it/OaSNI1UNR9mGG0MNJPD17Z8VFo5g3bFTg6wEysBrRU4.jpg?width=320&crop=smart&auto=webp&s=34858c7a94d80cb9dcca3bbfc8a4e670b16adef6	i.imgur.com	37	7.0	0.64	0	2	2	2qgx7l.jpg
c4j48gz	john che	http://i.imgur.com/WTIdi.jpg		3			0	2	4	c4j48gz.jpg
3gxf7h	haha youre stuck in a mandatory parentteacher conference	https://external-preview.redd.it/6rIGCBSJsmn-YOGv1df91BoCMlZ4Soeec61D_iyLEh0.jpg?width=320&crop=smart&auto=webp&s=2b2a8a06fd1eb8c68e19bb30e558028d333e22a5	imgur.com	28	0.0	0.95	0	2	2	3gxf7h.jpg
cfhjm4s	other discussions	http://i.imgur.com/jMXpGYI%2ejpg		2			0	2	4	cfhjm4s.jpg
bg33vl	a type of justice florida reform school yields evidence of more graves	https://external-preview.redd.it/Jzfp_YGCMkrZmnigfq_P3psUpfvDTFzMCB37WkZ-ft4.jpg?width=320&crop=smart&auto=webp&s=202d37ab9306373046f8e40fd6f318d1d1afcc59	theguardian.com	25	0.0	0.94	1	0	0	bg33vl.jpg
aznjqz	old man gripping hat while standing on lawn	https://preview.redd.it/8u3r9r4idel21.jpg?width=320&crop=smart&auto=webp&s=2d9886d4bba3e3e6cc946233466827787a6060f5	i.redd.it	7	12.0	0.59	1	0	0	aznjqz.jpg
avnir6	gint tnt building on flat wide marble surface	https://preview.redd.it/b3sosfrlz8j21.jpg?width=320&crop=smart&auto=webp&s=3c451b888e3dc663be38f72b3824976280a6a634	i.redd.it	4	0.0	0.64	0	2	2	avnir6.jpg
cfn00el	protector of the realm	http://i.imgur.com/V73oKAG.jpg		11			0	2	4	cfn00el.jpg
23za5d	talking boat	https://external-preview.redd.it/DKvOvo-uMFKBzGwhdIZ-yonvnKKwKrnXq9_jTsdckwk.jpg?width=320&crop=smart&auto=webp&s=6569962a508f65cdc0072c9993c3a99d9002c150	youtube.com	4	2.0	0.7	0	2	2	23za5d.jpg
cdl5ulo	oops scuse me	http://i.imgur.com/TCLa5qa.jpg		54			0	2	4	cdl5ulo.jpg
coj4ca	my computer was manufactured on	https://external-preview.redd.it/DDk8UnzsmbNy7maxy3dN_7dIWd-JVLCeh53RitdW3jE.jpg?width=320&crop=smart&auto=webp&s=bd350abd2e0a02477298f5d5a8668711844d2bc5	i.imgur.com	15	2.0	0.84	1	0	0	coj4ca.jpg
azgecb	cotton candy milk and a glazed donut soda	https://preview.redd.it/8i4iwa8d2bl21.jpg?width=320&crop=smart&auto=webp&s=80bc4367cdf9a5dcab4d3d29507901dbf223fb15	i.redd.it	11	5.0	1.0	1	0	0	azgecb.jpg
d7qld4	the spiders feast in the trees	https://preview.redd.it/q39qfqxcg5o31.jpg?width=320&crop=smart&auto=webp&s=f13dbc55a06e9f14537ba8524b0e60bd7023f39f	i.redd.it	6	4.0	0.67	1	0	0	d7qld4.jpg
4fsicn	new yorkers cower as clinton victory speech reverberates across entire state	https://external-preview.redd.it/KU4ofrpa7LfZMZ0TZ4uxG9llpCYQel44cl5fd09HR1I.jpg?width=320&crop=smart&auto=webp&s=6e12e3e5e1a7a0b7552f0b78b79683192bf32ea9	theonion.com	65	1.0	0.89	0	2	1	4fsicn.jpg
85tdem	little boxes in burlington offer socks hats and goodwill	https://external-preview.redd.it/uSW_WmS3nw00e9z6Ym8QKZvCltBsqQEZU5NwQOlubIw.jpg?width=320&crop=smart&auto=webp&s=bdc27831c7d4cc8ee9ddbf7b3447f3a7118adb02	sevendaysvt.com	11	0.0	0.93	1	0	0	85tdem.jpg
dbb7dg	no fingernail	https://preview.redd.it/xu00srgvbqp31.jpg?width=320&crop=smart&auto=webp&s=92d087290643d8fdf94edaffe14b632925eb7d29	i.redd.it	9	26.0	0.56	1	0	0	dbb7dg.jpg
dcqujt	nasa news an incredible black hole appeared on jupiter what is this dramatic image	https://external-preview.redd.it/QnmAbKshRfRsE-49rgF9GKMlRVyVtHRbbxWT7yO1ums.jpg?width=320&crop=smart&auto=webp&s=5d466de564585bbd79321b78701b35d326edc40a	archive.fo	2873	48.0	0.98	0	2	5	dcqujt.jpg
c67qjc1	ride paula ride	http://i.imgur.com/jYQJH.jpg		4			0	2	4	c67qjc1.jpg
2ucw4d	airport massage chair is displeased	https://external-preview.redd.it/K0V_1KN-bzd0fS13u_hX2ShTwGwEvgiT0dxYZ9k9aEQ.jpg?width=320&crop=smart&auto=webp&s=d1343dddb745b9070ed8f7dcbdae607f10cf0172	i.imgur.com	1	1.0	0.56	0	2	2	2ucw4d.jpg
d51g02m	pretty effortless and obvious	http://i.imgur.com/xQi4jcp.jpg		1			0	2	4	d51g02m.jpg
d6fbvlk	voila	http://i.imgur.com/iTTwAEy.jpg		480			0	2	4	d6fbvlk.jpg
2itjus	kerala student faces life in jail for not standing during national anthem	https://external-preview.redd.it/tK39zFgzylq_PKhuse5sW1GBDfreS085lbbQFTbLCD0.jpg?width=320&crop=smart&auto=webp&s=4c6d8321870c6335dd4dc8743546c1cb2a3edbfb	indiatoday.intoday.in	34	6.0	0.78	1	0	0	2itjus.jpg
dexg4yj	red	http://i.imgur.com/iRg9BtJ.jpg		20			0	2	4	dexg4yj.jpg
91wbck	sacrifice washed away	https://external-preview.redd.it/QkCGie9HmZBaZ86MySkfCwiAYDMVdU8237nG_vdyQa0.jpg?width=320&crop=smart&auto=webp&s=6fc83dd5dbe213e3d0b5dcd424f501a37d9191c4	imgur.com	5	1.0	0.78	0	2	1	91wbck.jpg
1zzncu	welsh town comes together to save lonely tree	https://external-preview.redd.it/zpB5hnp4QzH68YNW32xljR6IXRsb93-slQYmnr7kYFA.jpg?width=320&crop=smart&auto=webp&s=ed6bf5149bab9585d8309b8f8e4c612c65d1b0d0	theguardian.com	16	2.0	0.85	1	0	0	1zzncu.jpg
7jpe9l	amnesty international director denied entry to israel for lifesaving nhs drug hydrocortisone tablets are used by the head of israels opposition labour party	https://external-preview.redd.it/g-fjIJA_W-Ah-tbbb8Qtg7MaIrjZkOr2t_MjNAzwIM4.jpg?width=320&crop=smart&auto=webp&s=fee65c8bc6d69f113b089195c8eaf45ec790922d	nytimes.com	11	20.0	0.86	0	2	3	7jpe9l.jpg
8k9r0t	why its almost impossible to juggle balls	https://external-preview.redd.it/J3VQv7HQd3giiIUUi-UIbs4yHwJ0ueOE1RTPOb0q5bA.jpg?width=320&crop=smart&auto=webp&s=8fd8ebe9d66b3ba98729fb8f2582d52b93edba45	streamable.com	127	4.0	0.94	0	2	5	8k9r0t.jpg
coj2ho	i work in a charity shop and we got this hat in a donation a batman arkham city hat with a batman arkham knight picture	https://preview.redd.it/xcgnr83mymf31.jpg?width=320&crop=smart&auto=webp&s=ec9f912a4f29364d4bb0cc5cf7987cff5a310f87	i.redd.it	2	1.0	0.63	1	0	0	coj2ho.jpg
c3wf7tj	shark week is back early this year	http://i.imgur.com/O55Kf.jpg		13			0	2	4	c3wf7tj.jpg
auf9ho	hardboiled egg cracks and completely freezes over	https://preview.redd.it/krvmtma6bmi21.jpg?width=320&crop=smart&auto=webp&s=e7be32557a68c31dfbb068e28d23ba252740b601	i.redd.it	5	0.0	0.73	1	0	0	auf9ho.jpg
2w8k70	man gazing backward in front of a treasure room	https://external-preview.redd.it/3BfB7y0X06u5X0Ryr9TwgGJ761l2w00XxRsGdVs_9bg.jpg?width=320&crop=smart&auto=webp&s=eb3a79521a1d265e09d77595db106876344f3354	i.imgur.com	30	10.0	0.82	1	0	0	2w8k70.jpg
8ha2d9	family of oil plam kernel at my research site	https://preview.redd.it/ayur8k5vg3w01.jpg?width=320&crop=smart&auto=webp&s=af79b1d4cd0b22112295139fb2bf129972bf235d	i.redd.it	9	2.0	1.0	0	2	2	8ha2d9.jpg
aw3hsb	who cuts a kiwi like this	https://preview.redd.it/zw369jvvlhj21.jpg?width=320&crop=smart&auto=webp&s=928227abd10fccef296d6d1812bae91ab7c6a76c	i.redd.it	4	7.0	0.75	1	0	0	aw3hsb.jpg
6xqyy9	h a v e y o u s e e n m y s o n	https://preview.redd.it/wfijseju8ljz.jpg?width=320&crop=smart&auto=webp&s=9ae9637697a84a6629b0cb599c0b7e12e1b299bb	i.redd.it	16	3.0	0.78	0	2	1	6xqyy9.jpg
c4jk58w	anyone in london voting today	http://i.imgur.com/nSnN3.jpg		9			0	2	4	c4jk58w.jpg
cmbmp15	omg tight pants run	http://i.imgur.com/hhCJGGP.jpg		0			0	2	4	cmbmp15.jpg
cjp1284	mom wheres the popt	http://i.imgur.com/BC2kiJ8.jpg		11			0	2	4	cjp1284.jpg
cp4qtm	the scuffs on this car look like a flock of birds	https://preview.redd.it/qstgw1gvvwf31.jpg?width=320&crop=smart&auto=webp&s=cd084c9b0ebd02df84deb6d65f73b14b0ab46ce2	i.redd.it	19	7.0	0.82	1	0	0	cp4qtm.jpg
5aglry	obama with a tiny superman	https://preview.redd.it/0sdk4cvq1xux.png?width=320&crop=smart&auto=webp&s=01b69bc7b093c041b928d98c6f5e7fe2754b9168	i.redd.it	90	8.0	0.92	1	0	0	5aglry.jpg
8kf955	bill gates describes interesting encounters with trump	https://external-preview.redd.it/iS10-hLbbqhDRTon8rLlH36-ChkqUVRlDYZSuCmHXd4.jpg?width=320&crop=smart&auto=webp&s=dd240394a2c439f28b857dcda8edfd5c81b38be0	cnn.com	35	3.0	0.76	1	0	0	8kf955.jpg
cf7phlz	other discussions	http://i.imgur.com/LjAExzs%2ejpg		3			0	2	4	cf7phlz.jpg
cttdztm	sheep launcher	http://i.imgur.com/VmzMKF3.jpg		3			0	2	4	cttdztm.jpg
cgunmj3	this image is banned in rpyongyang	http://i.imgur.com/ocoHUHo.jpg		10			0	2	4	cgunmj3.jpg
brtitj	the name of the small town where i waited for my train was named redditt	https://preview.redd.it/1ejukwqkktz21.jpg?width=320&crop=smart&auto=webp&s=dd8675bb8c75a839a0b205ef40574d83b63f29eb	i.redd.it	27	1.0	0.94	1	0	0	brtitj.jpg
cae25so	how undignified	http://i.imgur.com/XEiZpxb.jpg		123			0	2	4	cae25so.jpg
cx70o6r	uh guys	http://i.imgur.com/GgIFieG.jpg		20			0	2	4	cx70o6r.jpg
9iou6j	dont quit your day job	https://preview.redd.it/3vyyl7pf3bo11.jpg?width=320&crop=smart&auto=webp&s=080796c56a387b1aaa9d0195b6c9202dad7961dc	i.redd.it	8	1.0	0.84	0	2	1	9iou6j.jpg
9c35bo	air conditioned dog house outside of bar in ferndale mi	https://external-preview.redd.it/1SXHMuoZcMmYRPg5igM4nxUDqjj-jllC13u3Wn02hdU.jpg?width=320&crop=smart&auto=webp&s=e2de91a674ab445b87debf055dfc4594cc382eff	i.imgur.com	703	28.0	0.93	1	0	0	9c35bo.jpg
ei3zflm	httpsiimgurcomloztjdgjpg	https://i.imgur.com/LoztjdG.jpg](https://i.imgur.com/LoztjdG.jpg		2			0	2	4	ei3zflm.jpg
ce39909	other discussions	http://i.imgur.com/JcTsKz8%2ejpg		1			0	2	4	ce39909.jpg
czsfyyt	this looks like trouble	http://i.imgur.com/SPz3dzT.jpg		7			0	2	4	czsfyyt.jpg
6k3rf2	this fat lazy cat	https://external-preview.redd.it/x1mxwXA6TQ37ANPlk6pZ71ddv9v3ZstQUjCeNE45ALk.jpg?width=320&crop=smart&auto=webp&s=ef30d93547ba1cab3596959d883eef0d36ad81b1	i.imgur.com	4	1.0	0.7	1	0	0	6k3rf2.jpg
e3f6uum	mom said its my turn to talk to the guest	https://i.imgur.com/4okeiKl.jpg		73			0	2	4	e3f6uum.jpg
cckmw4f	better	http://i.imgur.com/Y1tBMBL.jpg		21			0	2	4	cckmw4f.jpg
doyxffa	jurassic bart	https://i.imgur.com/CgH4IaI.jpg		8			0	2	4	doyxffa.jpg
b6yulh	i made this timeline of myself aging with id pictures i found while tidying old papers	https://preview.redd.it/ox7418uaw2p21.jpg?width=320&crop=smart&auto=webp&s=eedacdd44fe56140e91fc532475e8100fafaf711	i.redd.it	28	21.0	0.95	1	0	0	b6yulh.jpg
6kv7kj	cycling crash	https://preview.redd.it/yfkuoeg3h87z.jpg?width=320&crop=smart&auto=webp&s=221f9367e51b6fa0b12c1662afff2d9e26f93032	i.redd.it	7	1.0	0.89	1	0	0	6kv7kj.jpg
cnwy9hc	yoga flame	http://i.imgur.com/jmKh5HZ.jpg		2			0	2	4	cnwy9hc.jpg
c9b1f1e	womeman	http://i.imgur.com/mS87OYN.jpg		-6			0	2	4	c9b1f1e.jpg
5y44hc	then she said this not my money goes to my friends and i did it so much	https://external-preview.redd.it/3UD88it5Sgtrxo6-p0dyyN3FUU__S63fTagb5GwDXR8.png?width=320&crop=smart&auto=webp&s=1d18f346ec3fe34b28669f8840a8f010a4a6d4db	i.imgur.com	6	20.0	0.75	0	2	3	5y44hc.jpg
6iputz	the shores surface tension	https://external-preview.redd.it/5l6ispC1LQgQtUtnG2Mzvl0goWCnHXeQux-U5qC3zbY.jpg?width=320&crop=smart&auto=webp&s=1eeb330a3b6cecea8b5f86a0fb37f320e9e0bac9	i.imgur.com	396	6.0	0.98	0	2	1	6iputz.jpg
1bmxj3	happiest plug ever	https://external-preview.redd.it/XmQemZuLSfUejRfkuSAQsr3pZ0CG7B2CH1_f749R2Sc.png?width=320&crop=smart&auto=webp&s=dc859dac5749fd07fe4019057214897c6dc952a7	i.imgur.com	6	0.0	0.81	0	2	2	1bmxj3.jpg
d23ux6	this out of place building	https://preview.redd.it/e90ujqhfqpl31.jpg?width=320&crop=smart&auto=webp&s=f6fe2f0880f86359af7b9bb16fb5c9b9d43489fb	i.redd.it	11	2.0	0.77	1	0	0	d23ux6.jpg
8sbkjg	prototypical attempts at a live action spiderman show	https://preview.redd.it/pybb7buib0511.png?width=216&crop=smart&auto=webp&s=aa21fc0b647df5dc900d71fb31af3bc64173889e	i.redd.it	7	0.0	0.89	0	2	2	8sbkjg.jpg
cfx17aj	excitebike	http://i.imgur.com/kmkQui3.jpg		3			0	2	4	cfx17aj.jpg
29rtth	cool barista latte art	https://external-preview.redd.it/_1LL2yph8F56VJwymVhoiUz1cTVrpkyfeYp3PN7oBy8.jpg?width=320&crop=smart&auto=webp&s=0fdc38d66df2b0855625d44d99f5c68cb87fa227	i.imgur.com	141	1.0	0.81	0	2	2	29rtth.jpg
d78z5gq	kittenstarter	http://i.imgur.com/BnlCWNS.jpg		16			0	2	4	d78z5gq.jpg
ctab3uu	just shootin some bball	http://i.imgur.com/OFU6o3q.jpg		6			0	2	4	ctab3uu.jpg
ca6n81c	run for you life	http://i.imgur.com/VChgVYQ.jpg		8			0	2	4	ca6n81c.jpg
5n3zgw	trumps soninlaw kushner to become senior white house adviser	https://external-preview.redd.it/H9U7EXSOVbYUoc7g7KJ-_DUUcVE5uN1iMNB3eREGlUY.jpg?width=320&crop=smart&auto=webp&s=ecd9ee8829ffc495f303eb18becb1788d36ecbd3	reuters.com	85	42.0	0.98	1	0	0	5n3zgw.jpg
cp7s0fn	the cat who loved me	http://i.imgur.com/WurFXkN.jpg		16			0	2	4	cp7s0fn.jpg
5339t8	zika spray answer	https://external-preview.redd.it/KqzaB1QJUa8iq3zkv3lS-CAeMslwjuQ-adc6EtYn_8A.jpg?width=320&crop=smart&auto=webp&s=78d3fc26f60231ea08432028ead18bf5c881d472	m.imgur.com	2	0.0	1.0	0	2	1	5339t8.jpg
de1vzmw	new bat signal	http://i.imgur.com/w9UK06f.jpg		968			0	2	4	de1vzmw.jpg
dd0swq6	caffe slotte	http://i.imgur.com/kIPFVY6.jpg		72			0	2	4	dd0swq6.jpg
838216	kevin spacey gropes a young man	https://external-preview.redd.it/IUj8x_Jr80cYMnUGFiF-BkoW27uxzkvLfEn_glw0gTc.jpg?width=320&crop=smart&auto=webp&s=501e5268bf4b6c84238f31fe963fe240d266462e	imgur.com	5	1.0	0.69	0	2	2	838216.jpg
cg6xbk2	hes ok	http://i.imgur.com/MA7pmoC.jpg		421			0	2	4	cg6xbk2.jpg
8nd5ew	scary happy the dwarf	https://preview.redd.it/rg5gg631q2111.jpg?width=320&crop=smart&auto=webp&s=6928dba9166c001d1f596284f99664effb54d4d9	i.redd.it	3	1.0	1.0	1	0	0	8nd5ew.jpg
6f2nly	people stuck in a fivehour traffic jam started linedancing and playing cricket	https://external-preview.redd.it/0kATST3BzKl6z-y_z3gfMm6xMTcvHuRVD2JgeJNrWZ8.jpg?width=320&crop=smart&auto=webp&s=734219cc4ef79dbe75d1a204f22d0c381351998a	walesonline.co.uk	35	2.0	0.88	1	0	0	6f2nly.jpg
8vmd3f	the engineers synchrotron	https://external-preview.redd.it/1EZ_MRzleduey0fiW9KRvy2MVgquv7IBMhG30XB2z88.jpg?width=320&crop=smart&auto=webp&s=7aba91ff6cd99cc9bbbed772d954a5804aaebe77	i.imgur.com	5069	52.0	0.96	0	2	1	8vmd3f.jpg
dehcrx	the concept of language	https://external-preview.redd.it/dqK4BRre1tJMjqaWVMu3XAL9NPVgcOwkOpzpq6k_ERo.jpg?width=216&crop=smart&auto=webp&s=9c7166dd5f6c6c5130676722a2e791aa6d0443fc	en.wikipedia.org	7	45.0	1.0	0	2	3	dehcrx.jpg
2floqa	dog biting cats head	https://external-preview.redd.it/Wik2ABcB1iDD0xXi5oxdt7w7mGOtdHtcrM1XJtUEe4Y.jpg?width=320&crop=smart&auto=webp&s=6a9770b08c7926239e42cc8e18c9a7fd27d1a936	i.imgur.com	2	1.0	0.63	1	0	0	2floqa.jpg
cp99c5v	one by one	http://i.imgur.com/oTnHZvz.jpg		264			0	2	4	cp99c5v.jpg
7z0fpt	this dude about to take off on a flight	https://preview.redd.it/fjb3hat57gh01.jpg?width=320&crop=smart&auto=webp&s=748aff4aa8d408cbcdab52f6f4e843ed56ecd430	i.redd.it	7	3.0	0.77	1	0	0	7z0fpt.jpg
3gjn1f	arbys dedicates a sandwich to jon stewart	https://external-preview.redd.it/U6VKSw0zB1uMC3AjoHicgVP9_7rm_ftUzYqS5cKlCI8.jpg?width=320&crop=smart&auto=webp&s=dcacdd8644bf62bf2452cc4834f122d3aae36fbb	avclub.com	84	3.0	0.9	1	0	0	3gjn1f.jpg
352jwv	a yawning cat	https://external-preview.redd.it/3JoJJqAE1PKPx1tbq3gf7XrmSXssSgQq0LxP72YQzvQ.jpg?width=320&crop=smart&auto=webp&s=3ce6be6e656ca83c186919ef124841242e700c29	i.imgur.com	4	5.0	0.83	1	0	0	352jwv.jpg
cgu9dth	cutouts	http://i.imgur.com/gyn833R%2ejpg		1			0	2	4	cgu9dth.jpg
7xyhj0	harvey weinstein flirts with a young actress on a bus	https://preview.redd.it/r0u3r6whmkg01.jpg?width=320&crop=smart&auto=webp&s=b407846bcf2463854b427d5afaa38ef699e80dba	i.redd.it	754	12.0	0.95	0	2	2	7xyhj0.jpg
c5kdik	my ac sensor came with a tiny screwdriver to remove the battery compartment door screw	https://external-preview.redd.it/3Tnf4uwHT4SQ8wtT7fhmQsNh2Z0fhPVMfKMgjbDnkCk.jpg?width=320&crop=smart&auto=webp&s=c76168b15549f25753114ce0d933f64f13cdd3e1	imgur.com	39	3.0	0.95	1	0	0	c5kdik.jpg
15kmmz	holding a yorkshire terrier in one hand	https://external-preview.redd.it/yigOfEYjE749kvmHKzeDzLAzMQgYIr8yp-32FNue9a8.jpg?width=320&crop=smart&auto=webp&s=6d7625d2962a12c273eab1102f53d7d9f41cd52c	i.imgur.com	208	13.0	0.86	1	0	0	15kmmz.jpg
c8yyc4	this fallen leaf looks like a mouse	https://external-preview.redd.it/nLi9iJzIYP92afKsa2qoEb9cfOHfwqYxMUd5qDJN04o.jpg?width=320&crop=smart&auto=webp&s=4885329bba53b2433c8f50ad4167364c3514e5bd	imgur.com	37	1.0	0.99	1	0	0	c8yyc4.jpg
cb6ibz	found these while working one is almost as old as me m	https://preview.redd.it/7pvyvygx9c931.jpg?width=320&crop=smart&auto=webp&s=f3ecbd5ea1b3cbeaace1974de1571a916e7f3398	i.redd.it	27	8.0	0.93	1	0	0	cb6ibz.jpg
39wxgu	guy with bald spot and braided mullet taking a picture of something	https://external-preview.redd.it/7eH83XZWvdeMQx05La4N4xAjYZ7pmfti_MgwtvR7QHE.jpg?width=320&crop=smart&auto=webp&s=c3b69c530b25e4130034f082a1da0e0a8bea01b2	i.imgur.com	4392	422.0	0.86	1	0	0	39wxgu.jpg
33fh5m	this pull bar used for flooring is shocked	https://external-preview.redd.it/A9BlgVK6oucrB2cAhMLRMor5kJb1n48BUm1nqkTU7y8.jpg?width=320&crop=smart&auto=webp&s=287d500e75db3174e688e27cd3119c8b5401869e	imgur.com	3	0.0	0.8	0	2	2	33fh5m.jpg
atfhjz	flashbulb paralax halcyon	https://preview.redd.it/1jooig9f83i21.png?width=320&crop=smart&auto=webp&s=63338353cde6cf3eb975b1afd961819d65934224	i.redd.it	4	2.0	0.83	0	2	1	atfhjz.jpg
7yxvau	an unfrosted cinnamon roll	https://external-preview.redd.it/7ExwP9oAexMuykFOxtGiHLK9PfbCNCRH1-vHlLwc8GQ.jpg?width=320&crop=smart&auto=webp&s=7ad8fd1301a0a13ebd9b205f32699df6092984e3	i.imgur.com	36	6.0	0.79	0	2	2	7yxvau.jpg
9bp7xy	this corner cap on a stage cart looks like a puppy face	https://preview.redd.it/twlmxue7wbj11.jpg?width=320&crop=smart&auto=webp&s=de9b4432a8b0c631e2b57c0a89ad5b32f439209d	i.redd.it	2	0.0	1.0	0	2	2	9bp7xy.jpg
37sl15	terminally ill floridians fall in love marry in hospice care	https://external-preview.redd.it/l8xApJs3OUo3CkP1afwHbFeEPTxEcUtlPgMJ6so0VAI.jpg?width=320&crop=smart&auto=webp&s=9e7b82abde104af80c0ddcebba867bf3d8bb3780	gma.yahoo.com	9	0.0	0.91	1	0	0	37sl15.jpg
5a0w0c	an owl with robotic arm	https://external-preview.redd.it/8znLno7Z-9BBbrbiAIhUZoa71fJ0n8VTFECTmlXSfig.jpg?width=320&crop=smart&auto=webp&s=996a77dfbe281e5cfcd5d36cc5caeca2884aa648	i.reddituploads.com	742	14.0	0.87	0	2	2	5a0w0c.jpg
clr0zhr	rollin in hot	http://i.imgur.com/sgTadSB.jpg		3			0	2	4	clr0zhr.jpg
czgkq4o	krod denies performanceenhancing drugs reports ive never used steroids	http://i.imgur.com/AnSoxMP.jpg		31			0	2	4	czgkq4o.jpg
5h81nr	two kids with their bong	https://external-preview.redd.it/5QTr05uJqsoO_64wATPYQXA0B3r4gPym-Y5BBEWSOtI.jpg?width=320&crop=smart&auto=webp&s=1f6d4552e21d492ae97774035c1df9411bc6758d	imgur.com	31	2.0	0.77	0	2	2	5h81nr.jpg
6g5ag0	smiling raft	https://external-preview.redd.it/bMyoRYm_-RSL52-h11-qOdmxDTSziNS9goMU69pagng.jpg?width=320&crop=smart&auto=webp&s=fe6fd17ab9412c469a0e4e2d21f2424dffa27491	i.imgur.com	25	0.0	0.88	0	2	2	6g5ag0.jpg
717qfk	the trigger and the choice state cnn politics cnncom	https://external-preview.redd.it/vcbM9w0kslIfM8awe3OynG-4orJQlsBZ6H1OjYOuK2U.jpg?width=320&crop=smart&auto=webp&s=258fadea20fa27f39290b32fc38d1b9f3043833a	cnn.com	2	2.0	0.67	1	0	0	717qfk.jpg
cnvz0os	attack of the selfie clones	http://i.imgur.com/wtBOizN.jpg		45			0	2	4	cnvz0os.jpg
6g1c3e	dying is happier than you think	https://external-preview.redd.it/R_6N0oNZbov3VT1n9yADxzbMjnW3YJqsbK7C-ic7Tks.jpg?width=320&crop=smart&auto=webp&s=fa54ea0ff42f5f7c6720d7b3ab7ed8549a3e457b	independent.co.uk	17	6.0	0.81	1	0	0	6g1c3e.jpg
6g273u	labrador puppy trying to sneak through the door	https://external-preview.redd.it/t_SzhPaOGlPvov_AmGMRQono7igf7EleazLMWIArHQc.gif?width=320&crop=smart&format=png8&s=19e731df9a79c62a5fb2295d1264d26e331c6bf6	i.imgur.com	304	18.0	0.82	0	2	2	6g273u.jpg
1axjxz	einstein on a bike	https://external-preview.redd.it/juzzNIniPE6lTHRCDz1ATFpH21zRTN82LnpPvGulziA.jpg?width=320&crop=smart&auto=webp&s=c3711af61a5da99ab00b780a5fee9acf8a2b8c82	i.imgur.com	31	7.0	0.8	1	0	0	1axjxz.jpg
7l4rsl	cruz only rich people in the new yellow line	https://external-preview.redd.it/_nhZxK-T6APSu0lkY7_Z5B93enmpoi4oPmmxo8BR3Yg.jpg?width=320&crop=smart&auto=webp&s=2402e40934a92bf19efaba7c8dd562eb0e822d64	streamable.com	5	20.0	0.86	0	2	3	7l4rsl.jpg
d2vuygn	probably better than the remake that just came out	http://i.imgur.com/IiyuEkL.jpg		6			0	2	4	d2vuygn.jpg
cjf14e	soap bubble on plant	https://external-preview.redd.it/1paTRKjwCNITjHFgQILXhkgY8xi5BunEY8hFmwuRFtI.jpg?width=320&crop=smart&auto=webp&s=27c50d36b98388125616a434164f3a235eb9dcca	imgur.com	4	0.0	0.68	1	0	0	cjf14e.jpg
4wkm4g	giant metal dragon sculpture at borrego springs	https://external-preview.redd.it/hcGrknkzK9a4go3-g64Jg5ouMcskAnsEHpolIe8Ry2U.jpg?width=320&crop=smart&auto=webp&s=5a450bbf6d61bb36fe48cbe294426df64a6b8c8f	i.imgur.com	2	3.0	0.58	1	0	0	4wkm4g.jpg
bdyv92	in african villages these phones become ultrasound scanners	https://external-preview.redd.it/jVoKb0HeNr5Y8ZFL9hQhdF6l3E_VEPEoWNBzEYtrOgs.jpg?width=320&crop=smart&auto=webp&s=ebbb9e9eb4eb3d01aea9c65abd672b43d75edc9d	nytimes.com	25	1.0	0.94	1	0	0	bdyv92.jpg
ckdeg7a	just give her another month	http://i.imgur.com/4N6SQ6m.jpg		4			0	2	4	ckdeg7a.jpg
cmiij1c	must not smile	http://i.imgur.com/J3AJ8GG.jpg		8			0	2	4	cmiij1c.jpg
582swe	check out my new mechanical keyboard	https://external-preview.redd.it/TrHD6pCqdjVHlIGZ5Wuk1H-LvXRLva86Sd7kgcmLlUQ.gif?width=320&crop=smart&format=png8&s=66a4d4600b004d1a4fdde8e0d5832709bb1c1163	i.imgur.com	63	3.0	0.87	0	2	2	582swe.jpg
d4l5aq	the original monopoly design i found at an antique store	https://preview.redd.it/55atnvq4qrm31.jpg?width=320&crop=smart&auto=webp&s=a7d50309cc83044dccc5903aaa4b648f3184d439	i.redd.it	563	19.0	0.96	1	0	0	d4l5aq.jpg
5vrosp	this enthusiastic mannequin	https://external-preview.redd.it/cplCWX2pApm-Jzy-yAujWJLzxQ1EEp6vVSSjWAxz-0g.jpg?width=320&crop=smart&auto=webp&s=a0ed0bfb918527a753a6c4bf005ce7a1dfb90eff	i.reddituploads.com	17	3.0	0.79	1	0	0	5vrosp.jpg
d3wtber	imgur	http://i.imgur.com/lxqRPhy.jpg		0			0	2	4	d3wtber.jpg
4uvx2z	always remember bernie sanders passion for scaring tvhosts	https://external-preview.redd.it/RVeTfxJBwK_fKMW8axM6GPxtfRhWGKW8CdwM_HsZfbs.jpg?width=320&crop=smart&auto=webp&s=d571a4cf949b69edf7407e382577fe7c6a9ebc17	youtu.be	9	0.0	0.65	0	2	1	4uvx2z.jpg
8soro3	some large astronauts	https://external-preview.redd.it/3NxRgDBqQI6lXoUjG1lMgYE4EV6l4LLvCht8worrdzY.jpg?width=320&crop=smart&auto=webp&s=23bdf24c3fd9c8aafcd08e244be32c39213ea364	imgur.com	80	20.0	0.91	0	2	2	8soro3.jpg
